-- phpMyAdmin SQL Dump
-- version 5.2.1
-- https://www.phpmyadmin.net/
--
-- Servidor: 127.0.0.1
-- Tiempo de generación: 16-04-2026 a las 19:30:36
-- Versión del servidor: 10.4.32-MariaDB
-- Versión de PHP: 8.2.12

SET SQL_MODE = "NO_AUTO_VALUE_ON_ZERO";
START TRANSACTION;
SET time_zone = "+00:00";


/*!40101 SET @OLD_CHARACTER_SET_CLIENT=@@CHARACTER_SET_CLIENT */;
/*!40101 SET @OLD_CHARACTER_SET_RESULTS=@@CHARACTER_SET_RESULTS */;
/*!40101 SET @OLD_COLLATION_CONNECTION=@@COLLATION_CONNECTION */;
/*!40101 SET NAMES utf8mb4 */;

--
-- Base de datos: `superbarbaro`
--

-- --------------------------------------------------------

--
-- Estructura de tabla para la tabla `categorias`
--

CREATE TABLE `categorias` (
  `id` int(11) NOT NULL,
  `nombre` varchar(100) NOT NULL,
  `imagen` text DEFAULT NULL
) ENGINE=InnoDB DEFAULT CHARSET=utf8mb4 COLLATE=utf8mb4_general_ci;

--
-- Volcado de datos para la tabla `categorias`
--

INSERT INTO `categorias` (`id`, `nombre`, `imagen`) VALUES
(1, 'hamburguesas', 'data:image/jpeg;base64,/9j/4AAQSkZJRgABAQAAAQABAAD/2wCEAAkGBxMTEhUTExMWFhMWGBgbGBgYGBgaGBgaHxcaGxoZGR0gHSggGB0lGx0ZITEhJSkrLi4vGB8zODUtNygtLisBCgoKDg0OGxAQGzclICUvLS8vNS4yLS8tLi8vNS0tNS8vLS01LzAtNS0tLTUtNS0tKy01LS0vLS0tLS0tLy0tLf/AABEIAOEA4QMBIgACEQEDEQH/xAAcAAEAAgMBAQEAAAAAAAAAAAAABAUCAwYHAQj/xABDEAABAwIEAwYDBgMGBAcAAAABAAIRAyEEEjFBBVFhBhMicYGRMqGxB0JSwdHwcuHxFBUWI2KSQ4KT0hczRFODouL/xAAaAQEAAwEBAQAAAAAAAAAAAAAAAgMEBQEG/8QAMREAAgIBAwICCQQCAwAAAAAAAAECAxEEITESQRNRBRQiYXGBkaHwMlKx0SNCYuHx/9oADAMBAAIRAxEAPwD3FERAEREAREQBERAEREAREQBERAEREAREQBERAEREAREQBERAEREAREQBERAEREAREQBERAEREARRMVxGlTBLni2wuT5AXKrX9qqI1bVHnTcD9NOuiqndXD9TLI1Tlwi9Rc5S7XUiCSMsaCSXETY2bFxeJssqHaJ9TMaVAvDeup5ExAPQSdFX65T2kT9Ws7o6FFzmE7Vsc7KWhsAky4NiP4on5LYztSwkgUqhjWII+RKLV0v/AGD09i7F+irMHx2hU+FxncZSSPYEKThuIUqkZXtM7TB9jdWxthLhordclyiUiIrCAREQBERAEREAREQBERAEREAREQBERAFrr12sBc9wa0akkABc9xvtS2m7uqI7yqf9vpfxFcXx/F1c+SrXc8/E9lgGOOrIFnQL6nWyyXauMFtuaqdLKb32OoxvblrZyUnRs5xEG3IHMPZUf+JDUDu9rVCXBw7tjA0Rawmxm9wZHVUuLxzHMaynTg2JcfiLoII1Ph319AvnDOIVaRPdEBzgBOUF/wDyk2E8oOy5FutlKWHLb8+B1K9HGMcpb/nxPgxcOdDBpDQ4jwXGwbDoEjbWVYYXFUqrqhrvdTFnNbTb8biTIaDIBsN/vSVt4XhjVqvc+k+u9pBIzMDC7X/Mc7UdByUN9Uue4gMbmmwAyt6N1gdVilOUUpPh/n5uaUoybivz8+BjR4fVqEljHOHOPkPxHyWumKlN3hzNMwW5ntnZwdytI6KdgsZVaMrargDbKMvPY5cw1Oh3X12BcCc4cDOhBE+4vdUymkk459/kTWctSxjsY8Ro0pDqWcAtEh2oduLaiI91lSLqDg5tR+oByOcLWnM2QXQD8tLqVwukMzj3zKbmC2bKJJ0AzERpBIIInqvvEmFzj42OMDxMMtHQaCwta3zXuZKPi8b9iGVno5JOJqNZmqUsQ81XAGWgw7WxOxAvedRrtEwVZ1SsHVK/dE3DyAAXDZxBAuCdddFJFQVGR3UVLQ5kZZ8oFom0E9d1p/sTyQ0AyTABgE7xr0Vk7Zdacd15LPP9lcIrpals/fj8wWeG4jiKVRoqVC5hykmARkOjgItzNgdVe/3+G1MlQWMFr2kFpBJA3/Z20nja9FzSRBaQdCd91uwuE73MGOHeNE5T4XObFy0nUbHlvqFoo110X0Rz89/luU26WuS6pfb+dj0ZrgdF9XnvBswq/wDmupQDrMSNG5TYSdovHNdhwzizajnMMCo0kETYxrl3Xa0uuhdysM5l+llU9tyyREW4yhERAEREAREQBERAEREAXE9sO0OYOoUnQPvvB1/0t89Dz8lb9r+LdzSytMPfI8m7n10Hn0Xl2JqGCdtfNc/Wajp9iPzN+k0/V7b+RhXxEneeeYk9L66LB7gBLhmJINzlzDe9zfmo+YT1W+v8QGvhmVwZ2Ns7UYpIl4nFiqG5KDKTW/hkk33dAm0bc73U4cKe2l3xADTAF/Fc2t8/JV1GQBG8qzq4ioabWOcCxmgADbxqRuY3+ipnOMsufPYYawo8GNPFODXU2ucGOMubNjYDzIgARMdFJwPCKtYnIJyi8wADsB1/fVaKdOBJ+vkrHh9d7aT2h5a05nGB4icsROoHldQhJSl/kzg8m3FexyV7KJgiS0ggjmCLz/JX1DHd+anevaH02ZmAeEO1LoBknQaH7wUF1MQHHcaKRSZbSdvKeS8qtcPZe68iNiUt+4FLSRy9P3ot9HA52uc2CGmHDewuQNwtraQsNnCx3gghZYfD5XPc1zmg3cBBBNxNx4TFpF1ZXXHPtFUrHjZkF+FJiC5rgZBbZwI0t66Gy3uq1KjRmyy0gtc1uUyNCZJBv6GOqsjhzsPETHyJjppC2UcPLZBny0t8lorqmvZTKpXLllfii+oS5zQXGNAdgB1nRaKeHFpveRaDOliLg6/NXvcCI3UKvQIgtAMEktO43AJ0duD0jQlTnQ0+psjC5Y6UVdXDxOoI0mTJ+syoj2lpDxINjIMR1V5Xp5iSQRMSDrpc6+fuq9zbeLcW/NZZpxlsaYTytzpeBcbbUy03E95GpAGYjWIt9Fdrzd2am4FttLjz2XccE4iK1OfvCzvyPr+q73o7W+KvDn+pfc5es03h+3HhlgiIuqYAiIgCIiAIiIAiLVi6mVj3cmuPsEewPMe1ON77EOMnLJa3+Fs/IkE/8y5iu8l0bbK6yjW33o9tPf8ANQ3UpJv/AEXzV7cnnzO7U1FYKtlMqWxtxNxEfRSGUhtrP6rGnTl3QG/79FikmalMzAMgaCR81OD4dlI2+YUWlTMkc4Pz/p7qfXol7WvHxCx6jb1hVODewc0MtmkXE+u91KbUhrvQx7fzWGFMQXiAPL96rKk2QfO/LqouDRHrybW1AQQYuPb96rfhKhDHQbwI9CvmGaIPP929lmyQ6Yt6fvVeKMs5IuS4NmCqktAIkNnaYnn5EBTmV4c7YRtF7C3XVaBSgkiwIMRI9/mjm52eG5aZjfkR7X9FdBTjsVScWTKGIyu/02tytFlhRa6n4i7MHXI0IMmY5qJRpg2JPMKQ5moGu4t+7a72U4zk1l9uCDiiVVxemQn22/JfDUgWM2mdNv1UWmDA0n39VnUpW1JPTTmrPFm9yPRFbB1UGI6FQKtORM3HO2w/VTKFDxC9oP1+aVGCRbX9IhUSjKSyy2MlF4RDxFMcrED8v6qT2exPd1w2bO8PnOnzj3K11mSRyv03WkUyH5hqLjzuf0SicoXKS7MlPEq3FnfoiL7Q+fCIiAIiIAiIgInFsZ3NGpV1yNJAOhMWHvC5rgnbajWb3eJLaNQyJNqbp5OJMW2cV9+0vEVGYdmRxDHOIfG/hMA9NbLyOu/Yey5Wq1k67+mPCW5FvDOh403EYdzs2ErubTBPeMYXU8v4swlsb3uJuucqdr6YIPd1JEDlPuNVmOI4hlN1Jteo2k5paaYcckGQRB0m+i5+pgsp8QJGwmyzLwZcGtayRc0e1rfE5tJ5i7iBIAmbxpv+wvo7d0y4FtIk3kbGZ9v5KJ2fYe8e2LObNti3SPSV9xnC6YdIbBn8IlQbpUnFr7kvXZklnbVodLqL5tfwxAGin4ft2xpEUn308vyK5XHMy3I8rLLh+KY59OmaeZz3QecE/EDq0NG2liVN0146lE9Wrsa4Oqf29o5pLHgQR8IMz+awodv6LbQ8jyv9FR1uGSDMxe5ACr6XDgJkTy6lRUKZb7ni10vJHZ0+3+HAnxjnY3v5LcPtDwsk+O/Np0sT8xK57C9ne8bILQdNdTyA9RrAuq7EcBewmWGOYuoRjpm8Zf2/ol68/Jff+zuKf2i4YgZnOtHwgXHWd1a8P7ZUKkVBIbmiZFzAkektuvK28LYRec3IhWFSo+jRb3TQWszFwvob5gZtcEGeYSdMNlBvPvwHq3LaKWT0qp2motdUcc+VgLibaak+QBKiVPtFwZIJdEaRl09T+4C4fCPdiqD7GnmhgdNiZBcBa4yyDb73nEzgXZzK4uDcwbvAPtP1EqrEIJqx7rtseLVSjtNbnZ4rt1hgwOqCowOnKSBcjpM8vOVEw/2lYNti5xnkwyfquL7Q0u8fBc0tYSBlnUxmk7mRHp7wcJwzKScvkTorYQrcVKTefl/Q9c24/k9Yq9r6eQGm11x98AQNrC/oYUDhHaMgVXV3HJ8W3hGhHlH0XFVaru78nN05Q6/lMe4VpwrADEUntLoaS31MyBHnBWaaxu33KHqZOSZ1jO3GCJgPkzbTlpr1VrwbiFPEECkHvuBmyGx5uMQ2BOpuvOTwAscGhttiP39V22D7U4mnSZTaKbGsaG/AQQBF9YmJ2jorYW0KWW39i16vbg9KdVaCAXAE6AkSfLms15BiKr31Q4Emq4g5jqTNvygaL1bhzagpMFUg1I8RGkrsaPXesuSUcYMpJREW8BERAEREBRds6obhXE0W1hIlriQB/qkXsYFo1XimIc0EmI6CV+hqjA4FrgCCIIIkEbgjdc1W7C4R9Y1XNJaRHdiGsFotlAPXXVc3WaSds1KLItZPG6tXM0d20hvkJne6hU8NmeGkwTMecWHqbeqtuIUTQr1qWTI1r3ANDs2W9gCTJEbkrTi8AHUs7CXAmAW6zuOhuFyVmLcT2EJTl0xWWUVTvKVVr4ILCDGnnPmLeRV+OLYeowuDofbwEQ4bmB9624VM812hzXuacxJAeDLSfwxoOmnuVop8JqESADfXMPzhXyrjPHU915HVh6Jsf6iPjcbVeT8DWAkAROYTbWSfO3orPsLhAcS57oJFNxaB/EAYuDoTvN1pw3BKgkmmHHb/ADKf6rdQ4ZWDmuae7cDZ2ZoLdRsZ6RfUqybTg4R2Nr0EehxWEzr+M4dmWwNokQYBI2O+30vBK5LGU3AH4gNgQRbn6qzxfEa9SnlfkL22LswAO05R972HQKBSqEB4e4vDgIEmARuJByyLWGwWOuLjuc9eiNQ03j/s0VHf5FUAgHJ8XmQCPUSPULtMBUpVqZfSOYGCQfia46hw1md9NNRC4vENDmho8I1O5MaDQfuF9weDGZrg8tcDIcBceV1KyuMo84eX+fY11ehrJU4ntLLJdei6nUc7JNyPK8WOxGx5qo4zUqFxYHSwtBMNaDE/eIubgbwbWC6oV4t3tQg7FtMNP/LB+q25KUE90CTrLtLATYWsIt7pXZ0vL3J6X0XOqfVZh/38yPhcThamHZ8NJ7QGlpcBlgfEBYuHlOp5Xrcfxaoxre5eHOzA52yRAFgbRJkyOQ6yrR1BjRLaVL/bJ93EqlxdNzyZXkIw6t+PeaIeiKutz+zOlwmGbiqAqljWEg6aAhxED5fzUOpwssg3LYGkzPTmP1Ubh3HO5omi9hfE5CHZYBMlpsZGa87dbLCj2srNfmezNSNssxfmHZTJ522GkKrwbMvp47HJu9GWqcsLbtuSxVyUnlwzNyv8JAsQCRNt4gHqseyHFWNHdvEZjLXEfegCDy0sepVXxfjD8TDe7NOlY5WmSTMguOXxRaBYWWfDqAPX6j0VnhYrfXyzLZpLK4dT/wDDpcdxMMf+KQbSYnc9CJt1HRbGmGBxPheZmL762HP5C6rsBwmXHNdog+dtOi6XC8Lq1mlrGZgYgAiG216BZFFNqEd2ZjDheJdTqNqMLTl2I+XTkvTOEYp1WkHuABM6Aga9SuN7PdkKgqDv2RTFyMw8R2Fjpuu+a0AQLALt+iqLq03PZeT/AJPUfURF2T0IiIAiIgC+Er6qLtdjTTo5QYL5E9N/PUWVdtirg5vsShFykooo+0fGaAe5zadPMRDqhY11Rw5CRYdT0suUx3E87AC3IB8I6f1n3UTiXaKhQIBBLz5OcTvrYfkqz/E2FqDM8uZr8Q5Ee+q+fnfdP21F4fuOzVVXWVvGagLtVlgnyFY/2XC1hLKzCf4gfkVmOFuaPBkcPL9CFV40eHs/edaOqh04NTX2UatUN/Zbzhqm7R8x+q+HAvP3P/t/+U8SPmWRtgVL3FYC6t/7ne7/AIbv9w/7VIp8DePuGep/kvfGglyaFqq0uSldTjz3W6iYVvT4BUP3R65vyIU6h2YqG2Vvs783KqWpr8zx6ypFCHytzXTp8pXSs7JVBq4CeQb+il4fswPvOcfUx7LPZq6o7NlEtdX2OWbTMeIBvV5DR84WurSZFjmPJgLvXMSG36EruG9l6I0HyW6n2dp8iql6Qr7JmeWtb42PPaHBKlQ+EBvV3iP6D2KsMP2OMyXSeZ1Xe0uDMbYQPUT9VhiqtCiM1So1oGpJAA9TZQs193EFgyyu63lvJyTezDhpCmUuzjfvNlTMR2vwTQ4teagbE92C+J0nKDqeqp//ABMoGMmHrOBMAkNE6THi6j3CRjrrOIv+CLmXNHghabOMciT9V1nAuICmMj6bW6DOwC/8Q38151/4iyfDhiRIFntzXMfCRMTadOqtuD9tKVZxaWupvFi14E/IkFWVevaWatcdvkzPKque2D1QFfVSdnsfmlnSR+f1+qu19jpdTHUVKyPc5Vlbrl0sIiLQVhERAEREAXLdruDVsQ9gZApgeJ0jw3MmNSY0XUrTjaWem9v4muHuCFVdTG2HTLgnXNwllH5exmAms0tNwC3xXJhr85kAEkZSYOmdokbancOBLiGyBmgzYDNaRuQYEbq8ZTcBTY/w1ZqB1xOYta1wcJMu7wOmb+U2pXucC4NdYt32tcjY3gTvGyxuT4R0UvMrhSY4yQzMIzXa1nSDBi0+y0VBWpEvDnMj7wJH3iLeL5Kc7hjTImBPxE3Op05RHlBUxtLMSHRlzWtuT7fi/ZClKaS3Ci2yVwntriaJh+WvSmM5aWku1ygxr6Art+B9uMJWIa4d287Pt7HQ+64HiPDA7IwOJcZ3EFkhwiLC5JvNx0ThvDMzgXPAygzIJMgWFiLk8jN7iAVz79FprlnGH7v64LYucduT2yi6mbtII9FJZSHIFeI/23E4FzHsrB1M/dJhtvibBhwIMiQLgTcL0nsr2qp4pnhMPHxNOoP5g7H+i+f1fo6zTf5FvEsUurbudGcKjRC2DEWUcOK5tiisdLPVl8m/u1uo0fKOeyj5wAXOIDRcnpuuD4t2yfiXuo4QkMBgPGr3WkNkWETfXQi2uvR6Z3Syo/nvItN7HY8a7TYTCg53Zn/gF3f7RoLG5gLgsb9omKrvdToMZRZEy674idBof90X1VOxgovLSH3Li45WguGaxzOaS4zIkGJHRbuM4ahUpNcczKgJNmMaC2RaxLpsYJJvby+jq0lMHiSy/ovp3+bZHoxuiNUxWPqFx750AEw0wC0FocGw1uZ7cwm4PSIVf/dwcTUr948D4ml3jbMZXNknODe4vYyIV1wurTa6mGvLWlpJLbxzsYGYAE+upVjg30wGPByuZUE5AxrruBY4XJEQ+TcSWjqtMJVw/SkvgeuLZQ0nNEMbDHUwJddtS9yARLS4tc2JIIy3Ehaq9BzHvdDqveNcA972vOYtkNIJmASbyDIm5BabztLhadRhqMOVwLAXTmiYOZzYJcCSbmfPRVb6ocwsDcpJEDMTlsATsTdpPSBrqpq3uuCPR2EEQSM/eCYDy4DWWuuMxadzsN7Lfj8I7KGAyQfA6DoDMiTIsGnn02Ux9INDe7efCPifEg7bwG/ENTqL2UajinE5WkzmEiB8RMOMRoAZ202Vak28sk1hbHo/2e13uNIuBBLZM8iwwfI2PqvQ1R9jabf7Hh3imGuNJrZtLmizXTGjhDgNsyvFv0WmVFbSfLz8M9jl6izrnn5BERbCgIiIAiIgCi8SxzaNJ1V+jR6k7AdSVKXL9vXf5dNuxcfeLfUqu6fRByROuPVJJnivafFtNd7hYvc9ziPDALi7Le5yydr5W9IpX0rTmnOddYInwkg/19V13FuGnK4BrXtdB5XnXTULk6vCXAeAxzYTaPed9egXMhcpbPk6rrxwaWYiHDcE7k9LXFhIn1Wx7XC4dAJHhOgNr+fkoGKpubqw7xlIi/nr6rOjxBwJY6cmxcCI5yVc1lZRBPBNdiS0EiJgnUQZ12/fyX1+NeCHDW1hztETrzmeShOOcXcD8+d/p5LOjWa5rSCTkN/9PKN+QXnSsHuXkscfmLcxiCZO4J0JO0+m6hsxPcFtWicrxEG/P4SPvNPL5rZXxxiCWkxEaxGnT1/VRMPL2zaxm2xiAIAUYwysPg9lLyPWeyXaduKpiRlqgeJn5jm3rtuulY4FeE4fGPpVBVpu8QOoFgY0g6gi0dV0HH+2VarR7trRSDrPgnM4btE/CNQd+t18/qfQzdqdX6X9v7/PiWqzbcsO1vaZuKd3FNx/szfjcJAdcCQdC0T5GZ5Fc9jcG+iQWmGnV5FySSTub2+htKg4ZmVoGhdJJ0g6Ae49pU+pi3tAYYPImJktk+GdIH0XXqpjTHw4cfm55nO7DMc5rgGugNadTMDU7SJcBbqp2IqHENIq1YyZcziBnIJgBoJvFpEza07c7gw4kPEAkw4wIbpef5c1Y1QxrScxcNzLjaJgEa3tfSFa4qLR5nKNFJzrjyA3BJEg+wUnCYh2WZIaIBkm7gIj/Vygey0jHU6kOE+GSLgXnXS9yVkyoA8S5sNBjcyd41n2XkksYaPY57FvjKxqUxpFgPFFwRbWY2vz9oeAc4PLjdrYPiuNARabwD532Ues2s61Oi5zeYEN11/NTOH8PxjnZXU2U/4nQeQMCRp+qhmMY74+pLDbM8fi354BsAbeQHiI5bCLecLfwQS9/wCEa2ILiSbmNCQDHKTuAVOwvZEyTVrOcXbUgBAAECeXTp6rquF8AIYGQ2nTkWAgu8738zKpnev0w5CiuZHo3B8Y2rRY9oyggeH8JGymKp7OMa2m4N0z/PK1Wy7tEnKtN8nFtSU2kERFaQCIiAIiIAua7e0pw7XfheJ6Agj6wulULjWC76hUp7uaY/iF2/MBV3R6oNE6pdM0zyFuIvHnHS2i1VqbDmBAIMQOcc/3stbw4OggzMEdfyIuFqLxsZn9hfNSbR3oxRg/hNB8Q3Kb3bby9VqPZxp0dmm3iJMLfSqQs3YrxAjSPnz81FXSRJ1le/sUHCzWOMXI8Pyv9Vqp/Z6To0tn8J/mPmr6njTzhTcHxAzrf8+SmtZNd2QdPuONqfZ/V/DUi+8+tpjko/8Ageu34HOAjdro5/hH1XojeJXgnl+/3zUmlxQkjxefup+uz8yHhe48x/wbiSPjkCD8Lo12vzt6LPFdjapjPUb4gbljhy53nafNepUeJtgb3N1IZxFhs4SOvzRa2f7l9Dx1/wDE8oZ2NrtiKzjsIaSPWykVewVV7pNR7iJ+FhHKYBFz5L1JuNZYNAB10+Q5eS2Nx43uZ9vJR9clz1L6Hrj2weX4P7PKwBAe+ORaJ2M3uPNWNH7PS4ZanevbyEAesOE6A6r0VuPG0DaF8GPnXabcklqW/wDYjh8YOHw32c0hpRcRtnJHrb9Vc4XsUxlxSpZ9cxknziSJnddF/bxfYKMeKSdduarnev8AaTPUp9kY0uCGIc6CIENAA6g2mdlI/u6iGhpEgcySPWTZRamP3n0G6g18cT53n6qp3QXCySVc33Lit3YENtta3loqypi8oytmBp5KDUxJO+uv5LLBUHOe1ouXGB62/U+iRnKx7In4agss7vssD3E/ic4/l+St1pwmHFNjWDRoj+a3L6ymHRBR8kcGyXVJsIiKwgEREAREQBERAcX2v7Imo51fDgd4fjpmwf1adA7mDY9Dr5rXplji2o0seNQ4EOGuoK9+ULifCaGIblrUmvG0i4/hOrT1BWHUaGNjzHZm2jWOG0t0eHDSbL62kZJGm3Nd7xP7NGkk4eu5n+moM48g4QQPOSuexPYviNPSmyqBvTe36Pylcyehtj2z8DoQ1dcu/wBSlaLrY2xWVfB4mlPeYeq2OdN+X0dBb81HoYxjjBInlMHTfr+qxypkuUaFYnwS3ST5raaseEe/62WupUYALi878twsO+Hoq3W0eqZIY+PJSaFS8F1jYn0soFPEtmFIpVG7G3zVTrZLrRJa8gwD01W5lcjXVQRVAP09v0WyliBrOnuoOpjqROZiCDJ0I8lmK8u5D3/qodB4dMek8l9qVACYNrabea9VUjxyRONWR7a/mteaZi3RQm4gEwHDXbU+msKVh8JiH/BSqunfI4COUmAFOOnlLhZIuxR5NjnE3/ktb6l4mRN406BWtDspinmXBjBvmd84bM+4V1guxdMQatQvjZoyN+pPzC21+jrpcLHxM89XXHv9DkaFEvdlY0ucdANf5Dqu57O8B7n/ADKkGpEAC4YPPc9VbYPA06Qy02NaOgufM6n1UhdjS6CNT6pbs51+slYulbIIiLoGMIiIAiIgCIiAIiIAiIgCIiALTXwlN/xsY7+JoP1C3IgKir2WwTrnCUJPKm0fQKK/sTgD/wCnA/hc9v0cF0KKDrg+UiatmuGzlz9n+A2pOHlVq/m5P8A4L8NT/qP/AFXUIo+BV+1fQl49v7n9Tl/8A4L8NT/qO/VbP8DYL/23H/5av/cukReer1ftX0Q8e39z+pSU+yWDH/ABj8Tnu95cZUujwPDN+HD0hG+Rs+8KwRTVUFwl9CLsm+WzFjALAADoIWSIpkAiIgCIiAIiIAiIgCIiAIiIAiIgCIiAIiIAiIgCIiAIiIAiIgCIiAIiIAiIgCIiAIiIAiIgCIiAIiIAiIgCIiAIiIAiIgCIiAIiIAiIgCIiAIiIAiIgCIiAIiIAiIgCIiA//9k='),
(2, 'perros', 'data:image/jpeg;base64,/9j/4AAQSkZJRgABAQAAAQABAAD/2wCEAAkGBxMSEhUSEhIVFhUXFRgYFxYVFRYWFRUXFxYWFxgVFRUYHiggGBolHRcVIjEhJSktLi4uGB8zODMtNygtLisBCgoKDg0OGxAQGy0mICUtLS0tLi0vLS0tLSstLS0tLS0tLS0tLS0tLS0tLS0tLS0tLS0tLS0tLS0tLS0tLS0tLf/AABEIALcBEwMBEQACEQEDEQH/xAAbAAABBQEBAAAAAAAAAAAAAAAAAgMEBQYBB//EADsQAAEDAgQEAwUHBAEFAQAAAAEAAhEDBAUhMUEGElFhEyJxMkKBkaEUUmKxwdHwBxUj4XJDgpKy8ST/xAAaAQEAAgMBAAAAAAAAAAAAAAAABAUBAgMG/8QANBEAAgICAQMDAgQGAgIDAQAAAAECAwQRIRIxQQUTUSJhMnGRsRSBocHR8CPhQlIVJDMG/9oADAMBAAIRAxEAPwD3FACAEAIAQAgBACAEAIAQAgBACAEAIAQAgBACAEAIAQAgBACAEAIAQAgBACAEAIAQAgBACAEAIAQAgBACAEAIAQAgBACAEAIAQAgBACAEAIAQAgBACAEAIAQAgBACAEAIAQAgBACACgMjfcYHxXU6NLmaxxa+o4kNBGRDQBn01UCWa/c6IR4XkuqfSN1KdktN8peSzwDiOndEtaRzDoZBjWOh7KTVfGzhETM9PtxtOXZl2uxABACAEAIAQAgBACAEAIAQAgBACAEAIAQAgBACAEAIAQAgBACAEAIAQAgBAUPEPEAoEU2AOqEHceTIQSN9dOyjX5HQ+lLbLDDwXf8AVJ6iv6mbsrVrab6tSS6tULtS3tly6Zgn/uVZHSub/wB5LWdkpTUI9orRTWFOr/cX17drWMYQx5yzJaeZwboTmM1JW/d6oL7FhfKH8Eqbm23yv8GsxLGqwaBzNHdsgnvC5Z6yJxSrn0/3KbHw6nLs3+ZXYZjb3gOZVcZ65jXUg5xlqodOPeuYWvf37EvIwoQ+mUUi5sOJTPJVAmYkaLSv1i6ift5C/miBd6bx1VmhpXLXZtIPoZV7Vl12cxaZVyrlHuOBwUhTTNNMUtjAIAQAgBACAEAIAQAgBACAEAIAQAgBACAEAIAQAgBACAEAIDjjGaA8tbfh924Elzn1CJOwLoG5gRt2VPK5QlKT5a2erVbjjJpaSRLxTFqTX+HzANA5eWRMaZT+ah4N6s+v5M4+JY6+vXJTnFKNkHBtUVC8hwaAC4ZQS46Z5FT5TVa+kmQxLctpta15M5c4nXvHua0w0DmeegG7jqegaFGipz5kWKhj4a0uZGr4dtWWrBPmquADyTkAPcgdFJx9Q5Xkqsyc8mXPZdv8mgwXDaTnPqu5S1zpYAC0DJoce/mBMx7xVPn5WNPIcZa44/n/ANFRdfbFdEeBTyW1YoOAMxEk5RrEKshW+ba5a1+v+s6Jbr3ctlnXxh1GPFEg6Rkco6ZKZD1TKqf/ACrafjs/1RDhhxu37b7HavEtBjC9zzGQDQPMSSAGjqSTCt8XN91Ss5SRzeBb1dOiW7Fg1vPUhjciSTPKDkJ+YUfG9cdtqg46X66/Nf7o5fwu3qPL/cnW14yoOZjmuHVpBH0V9C5SW1yiPOqUHqS0yQHLqpJnM6tgCAEAIAQAgBACAEAIAQAgBACAEAIAQAgBACAEAICuv78A+G3M6E7CdvVQcjL6H0R7kqnHbXVLsZmtwnT8Vtwwv5w7m5AW8rjtMicjnqqnMbUG4Lcn4LOPqE+j2pa122eb8e4dVov8R7SWkxlmW+o6d1E9NnGSdfaS+T0uH6hWqkkmYyrdmIYD6lW8a15OtuZNrVaf5s3fBuGv+xvLXGDUBcTu4NBDW9YMGfwwuNtspP261z5+yK+fTVdFT5YrhjB72rUczkqNYcnVHZNZn5nNnV8TEbmVrOcqq30rbO/qWbjx7Nfkje424W9INp6gBjAOphoEBeUjjqeR0N/m/wByhxn7knKXbuRrFrbOl4lZzfFcIJLshJnfv0+CtWpZH04ySguOp/v/AIOj9zLn0RXHwjP3fFbS+OYVHOdAJH+NgP3Qcye6mY2LXU9JdT+X/gtq/S5Rr210pfqy4w+mKrw5/sUvMTtI0y6b/ALX1OxqCorXL76+CDe+iPTHvIYxrH6Lmcz4LQQWgycwZa6OsiQnptVVFe3zN9/t9jpjen2dWkN8P43VB8flgT5W6c7Ny7YA7HY9dDb1SkvqZtnYVbXtJ7fz8P7G/tMYp1GNeJHMMtI+B3XN+rYyk4b5X+/0PMWYllcnF+BNTGJdyMzO+8BV9vr05NRx47+7N1htR6p9iTZ33O4sMSBOSm+l+qyybJVWa2vK8nG2lwipeCcrwjggBACAEAIAQAgBACAEAIAQAgBACAEAIAQETErnw6ZO+g9SuGRb7cGztRX7k0jMUanmE7leclZp7ZczjqPArEalflmkJzAyzOvbOO6oFZZfP3JN6b+fjwaUqnf/ACFhTuRycrwx7+XNgAJPbNegq9Qi4dEEpS18fuyNKt9W47S+SrssBa4uqNoUbc7nwmkuaOoGQC4VYGVkf/tPS7/7ySLMmMNR6nP+ZBwCkHufUmKPMS1scrXRkPKMtBJy1MbGdL8uOLH2YN/Mn5+yJWXJwjGtfi1z9v5lleY81ruRsGPk0fv2WMKFubtz+mH9SPVgTlHqZS31YZ1+cOqMaSxpkMa6DL9zMfKSuv8A8I0nGM1p/q18EyuqTahJaXnR5li2N1KxL6ryeg0aPQKfCvSUI9kepqVGLX9C0PYHgFS5b4nPyczg2k0e05xPtEbNADjPRpXWzpqrlN+Crv8AUJdW/H9j0/GLXwLQW9JpM8odHtO0mfWI+PRVFGPmWSc5Jpd/z+Evsimx7fdyPdm/+jI3rbSieasTUqgT4bTLWnodvmrSquupafLL+DyrY6r+mPyV7L6vf1BQpMhrnAENmAOr39ANli+3pg5S7CTx8KLm3uR6xdCnToikQHQB5dDkRBGYiCBHoq/GxJTh/wAet+W/v3PIx67LHMp8CwYvBdUDgQct2xE7zJz3W2ZVOMlCvjXPHYn5Wao6jDt/Uv8AD2MYYNQtqDQnRw7g6wtPT3j76pScLPnx+TX7lbdKc1tR3H9i5Y8gCSD3G/oF6RXdENykn915/kQHFN8IqMYxVzAXB0fhAznp3K8zneqZVlmqZaXnS7fmydi4sZvUl/MLfEagYHPyPQ6/ELhD1XMojucm+fPkWY9bl0wLuhU5mh3UA/Nezx7ldVGxeVsr5x6ZNDi7GoIAQAgBACAEAIAQAgBACAEAIAQFFxLU9gepVX6lLhIsvT492U9kJdOw/Mz/ALPwXncuxRre/PCJ9z0tEbGsYFNji0wAD8YVPVR7liUe3Y6Y+N1PcyLwnXdyeK/235nsNQ1X2N0Vyaj4N82PV9K7I0dzceJTfTBjmY5sjaQRP1UvIzfaqb/QrYV9E1JrszN4peik0U6QkNHKxo1cdh6leapqd09yLWmvqbss88szVtwBfVSajjTa5x5jLzMn0B/Nerrql0pQXBa//OYVK6NN/wAhWI8AYg1pMiqAJ5W1TJ7AOgfVdPZtXcxD17Al/wCLT/JGGoYJc164oCi8PJyY4FsRqXTED1WZ2QpjuTNL742L3Zv6F8HtFnhRsrYU6bWOqCnHPPm5iIyMeUTlkqG3NuquTnKPS32XPBR+7HJu3JtLfbxowOJcV1mhzOR1N515j5h1yI+qv1kOcfpZ6WrBp4ntNfYz2E25uasOdDBm9xMT2k+uaQgl3GVly10w8Hq9o5lowCm3MjIQAGtj2nR1+f1VVd1ZuR0weq4938v7Hn3CWRLl8FTTu6lzW8JhOZlzug3JUu/IVFf08JFk6q8arrkvyRqru9FCmG0wSGiABqT1Xn65ZGbb0QbS8lLGr3ZuU/JWWVYXFWHklrczOxHut/U9lYZlePi06it/LfLbJE4OqG492HFPFYtWgAZnytAjKBr6fuomA7ci3qm/pXhfsZwfTfflyVHCNw69qurVGgMpEFo1moZzJ3gH6qZ6vlONarjxv9kTfUIV40FXW+Zd/wAi5xrGBMFwDWyXO3aQMoPzkHWVn0mjrqdl3O+2/ghY+C2tru+xreHr9ta2pVWw3nptPLOTTGYHxlemocIwShwvgo8ymVN865c6fcevsRFMExIG+yrc/wBY/h+IR6udfYxTjux6INDHTUHMwAj0J/VU9v8A/Q5e/pgl+rJM8H230zLSwufEYHaaj5GF6f0/LeVQrWtP/BCur9ufSSVOOQIAQAgBACAEAIAQAgBACAoOJmZtPYj6qq9Rj2ZZ+ny7oz9Vx8MhvtBxPwIA/Reaz47jF+E2WcUvc2+2jE8Q13EtoT5nEF0bNBn81vhwSTs+P3JsXyaXD6vK0ALjGzpNbI7ZoLWlNPWHO69P4VEyJu2XcrLJ/X24RWXWFsp1RVqVA4NHlYN3Hdx6Afmjm4J1x7/K+CTC+dsemK19yfgOLfaHkgAMYeUEZAu3AjWFb+nQtVidkvHYiZWPGqOk9tmrpvEar00ZLXJUSiyo4ipnlD6fLzgHOIMGMgfgvPeuqEuhbXHL/sTcBrq1PejN2N6+p5mNc5zcnAAmFQrEnJ6imW9tVcOJNJMjYtdNqP8ABurY8pjNzCB1EPbp8+qkwoyMde5B6+3/AEZppio9VNnP2ZRXHDdvak3FMl1MO5m0iJDXCc3PJ8zRMhu+56zIeoTvXty4k+7+32/MlY8rLf8Aglx9/n/fkLLE6t24so0nuzlzjmM/vHY9lYe5GmKguPheSZbj1YiUrJL8jV4bh4taZzBqu9ozp+EKHkYOVlzUdaj8spMjI/iJ70+ldjOY9ifI7zvzzEjbqGN3Pc5fkrKjGhiQ6Id/LJ2Jiu3siLg2MB7xygta0HU56akqt9Rj1x0T8nD9uvl9xqjYtxOsajqhFCmSxobkXnIucD02+Cn4GIsenc+PL+xWPIdS1E1lK3pWFA06TYElxGpLj1O5yA+C81dKWflfT27L8iLBSyJ9UjFu8W+ri3pA6zVOwE55r0k5Rx6lH44S+S8jbXiV+5L+R6XZ2tK0Y1rTmGgRMgR0HXuVGdORc+qvUW+78a+3yeXsnZlTbZnuIeJY8pjzQA3IkyYkj9Spborqr+pKTXO2W2D6bv6vg0eF2RpU5pwQc+XlABy92N5VH123RdsYrb47FVkWxsnqXBYYVilMtDZLXSZa7Wd5GyuvTM2qFSqm9SXH5/ciZGNYpdS5XyWNSu4R5C4Hdpn5hWll9kNag5J+VoixhF+dfmddeNGTiJ6SudnqlFUumyS38BVSlykO07hrjAOfRSKc2m6XTF8/BrKElyx1SzQEAIAQAgBACAEAICr4gok0w4e6fof4FCzodVe14JmFPVmn5MXejX5dF523TPQV/czjMMa15fqTucz81FnbLp6SSiypOUVhlhcXTnAOpkaAEdCB+S4zhFzbfkiwrUdxkjM4riL6lQUGul59qPdH7qwxseMI+41x4+51jpdjX4K1tJjWN0A+fUn1KlVW87Il8Opl5QuhqfgNh3K72Zaqg7HzrsQJ1Psjt+3xaZLDLvUD81S3OOT02dXO+d/uYpftT+pcCqV3RtaYa2Mh1+pKtperVY8VDHXU/wChq6bcmbkywosFen/lYId7p6d1b4sZ5NG8mK2/H2Ik26bPofYzeJ8LtZPIXGk4nnpwXEEiJadhpOyp/UvT3Svcq29f0LTG9SlJ/V+JeSHc3TcPtzTbT5WNYTpm4xmZ3JKq6LcmdyTem2v0JMKnmW9blt7KXhnnveYskBscznZAEjQdSvTSyYRemyxzpRxElPu+yQ3xbwUcqjKrS/RwIIHL13zUC71CuMlF8t/Bj0/1VN9LjpHn2I34ztbcyXGKtUZT+BvZS6KG2rrf5L+7NsjKnlz6Y9kej8C02BgbzAU6YGcau0Ge+k5ZaKN6pd1QWOnpz8/b/srcqLjwlz/YZ4zvnsgU2l3M4NEg+YnQjtP5rfBwYYkOqT2/kkYiTXPBNwe5oWNA02uHiOPNUf8AecZyB+6NAuNOTXZNzkufC+wsxbsqxSa4XZGWxnil9R3LRkT70eZx/CNh9fRWLtb7FzTgV0R6rf0O4VwZc13NdUcWAuBzzec8zJ7brjduFbm1+W/LZHyvVYQi1D+h6hil8LemA0HZrWtzcT0HdUXVc2qK+H/u2eZpq96blL82ZtthdVqjavlBcRoSeQDcnfL+FTJ+nSqrTb2WLvprg4+F/U1Fe/Fu3lLy90e8f0AyU7Fc5ppSevLbKuGPK+W0tL7FJaYkyvXnnLuT2mMG+09p2UDKxMWmTk2238ljbjWUU61rfllxY3JrVJY5vlPsF0ExqFG9PotuyFZ1JOL2k33X2IN9aqr1Jd/Jo2VOoI7f7XtY2PyVLQ610rqpJmp1ZAIAQAgBACAEAirTDgWnQiCsSipLTMxk4vaMNi9kWPLT1kdx1XmsrH6JtHpMW5TgmUlbX6qusiTYjA1/ndR3Hk3I93RDhy7fX5reE+nlGPzE4ZZso+yNdSs23Sn3MaLqhcdFiNnwc5Q+SSy6MSf2n1W0v+SDjLyR5Q2+CnvcebTMB1SdmhjiT6EZKPDBcvj89khRj5Q7gIuatQVH27uQZta5zJJ2Ls/orGnE6GnWur+hxvugouPVo9ApYgWgBzCHHRoIcT8lc/xrrSUo/U/C5KOVCk9p8fIqteHllwjsP3VTneqzdTEKV1aRlsVtDfHwTIZMuI2HSe6q8KcpW+5Yy4psWHHrXcWLJthRbSpGWiSXGJJJlcszdl+97T+DHvPNtc7O/wAEkYE+4pPD6j6bntgOEHkkHUHUq99P9IhpSsXPDIl2aq5ar7GCvP6VV6BJt3Cs3aCGVPiHZH1BVvdVY+Y8lhheq40Y9Ml0v9Uaf+1D7HSoj/HVY0O80lvP73iAa5756LyscuuGTOVq29tb+NfYxVe43ysa3F/rr7GZq8S3FvUNK4Y10RMbjZwJkEK+qy1OO+6L2PpuPkVqyltf72MnxJjxfUL2s5Wu9yZz66DVbxprnLaWjMrJYMEvxMv/AOn9o0k1qwBefYaRkN8u6lQhFMrMvJtsXJ6jhdQkkiDA+RKqfVsixWxhWt6W/wBeF/cpb0tJMh3FbnrkmPIIHZxzP0j5lZ9Hh1dV8u74/Q6wj01pfJP+0ClS5nau0G/YDoFterMyWovUPk4dDss0jzfjTFy3yc3mdm6PdbsO0/opXtxqgq4HqvTaIRXXL8K/cR/TfHaVKq5jsnuI5Zy5hGjTvnKqvUarYONsOVHv/wBkf1Wf8XFdO1r54PSMUwpgDq9OWPA5ncvvdZBynuPqtnGpwU99PC/qedpyJvVUuV9/BGwniuSG1NOsz0zOkiPzXev1O2ifRauEdcj0vjqh3NTa3Tag5mGR6q6x8ivIj1VsqLKpVvUkSGP2KlRn4ZzaFrcwCAEAIAQAgElyAq8Yt21WwcnD2XdP9KPkUq2On3JWNdKqW128mEvaRa4hwzGvcbFebuqcJakejqsU47iQnOzI7T9f9qHNaOyEOXLQEArXRsP0asT1H8lEn3NJJPgX9oWdvZjoBjm65Lfb0adJb2+IcogHPt16LrC9x4T5I86d8tFha3fKY5iTHmd7zonfp2WuRkyrqfQ+XxvyyNOlS51/gn0b1hGfyVdXkw6dWp+daOEqZp8FTiWLMpAhkAdt1HrplY+CbTjOX1WFtgFsHt5qoDic+U5hu47SvVek+nVQXXLTf7f9kDMuafTXwv3L4MA0PwXoUkuxWNsaq5AySD/IAUfJsVVbk3/vwjePL0ivubVnIZGxM7yvL5OLVGpyfflt/dkyu2alwZS74Gp3INSo97ah9gtzho0BZvqSrL0zG/8Arrq7vktoet2Y8+mtJryvuYTEf6b37XkmnztbMGnBBAOvLPNPaFPlXOC1GOyavVsfIkpzlp/HwMUqVek3w3AtAJ5tQ4EZQ7PIBRXd45RMftzfVFpnqXBrPDs2Ehz3P80NEnzGRroIhVqtjO6x93vSX5L+h5vO+u9rsl8lPil6KD3mq7k5nS1pA5hkBG4Kn4kJ0Y6hPjv25ZY4uNK+K6Fsr8c4kDbZxZ7WQDnGTmdc94laV5tkpquEdR/qS8fAUbk7HpeTPcE4Q26qOqVZNMHKffdOZJ/mqn1U7/ESPUc/SUajfnDKBLKbaTZ5muGQkcpDp+i4eo9NWPKMFy1pfzKOV1mnObJWOYg6nSqEnINcSNzlkAvHUe7ZYq23y0tGmNTCU0UmActxTaalIl4aA4tBYGRlDpOZA2zK9t7FV/447fyTszdM37cuPHnZaj/8xFSm8xIEPLcyTAaM5J+ChW+n/wAO/dx5crw/P2Ij3kLomv0NVh1+yszmac9x0Vni5UMmHVHv5RS3UTpl0yJ1J8+qnQlvhnBrQ4uhqCAEAIDhQDFQrIK+6K1aOkTPYrb847jQ/p6KFkUK1c9yfj3ut8djK3DuUwdRt1Hb8/gvO30yrlqRd12Rmto6XiRnkRl8lwcToNFcUjbZ2l7x/CPqf9Lb/wATD7oTK1MnRUjNbGNEijcRpr1Tt2NXHfcX/dOQzrnvuNwtZVdaaZq6trQi5xyiJPjhkatdIInbv8FzhhWv/wAdmF90VmH3P2qsCA7wmmZOReevUAKcqVQtPu/6IxJvTPSLC4AAa3yMGw1J6kqwpt8LhFVbV5fLLWlfDRT4ZK7EOVAzeYgJzOQ0H6rznqPqbnd9PaPC/Py/7HSrHeiuq4jzwzQEgE/FV0LrciSrn2bWyWsfoTkaMAaggbZAaL36UVrpKd78nYcM5kdNCtvrXO9r+pjg5Uc0iC2ZygiZ7Qjsj5MpNdmVbbVjHQxwawAANGUQIgdl4/Kpxf4uU42aXnXz5JqsnKP1Lb+Si4t4fbc0xLyeU5ERzDt3C4yueMlKE+uL8PwWfpufLHs4WtnlfHTGM8G2bsS90nX3Wyfi75K09LcpdV0vPCLOxyyJrb+49guOGjTDWaAehEdOvf8AhVk5tdjs8Prez1Tgqr4lEV6mRfMTEhsx+n5KpszISyGrZcR/d9zz/qK6Z9EfA1xJXa2XOMxmAO2kqPVZjRv9yPL/AKHbBqlP6UYC54nruJDA1jdAP5AVu7pNcHqa/S6ILc3tjWDF1e7oirU5383lAggRnJjIARJG8LNcZWSSGY66MaftrXBvrQPtXhwIc37wMgjv09VWyx78Cz3VyvOvg8zb0ZUNdmbC2rhzWvaciPX4FehqtjZBWQ7FFODjJxkTmmVNT2tkc6sgEAIDhQDFQLIIVdqGyKq6pLm0doyM/ithzjuo11EbFqSJVVzg9ozD6jqTg1+x9raFR34c63tcot6smM1p9x4OBHw1Cr+nRJTHOeAI0XNp7MoSzMfRJLRk4QspgS92SyCtr5EkyVJhzwgOstW1SCGy3m5nE6ZDIH5aI7JVrlnNot7INZpkokpNvbDjstaN8U91o5OpEulf91ur2cpUjWIXLpkZg6HsqquCf4u50qgkisp4n/nZT3Hmd22A/nRWFFXQvc+5vNbi0jd2V3OZ029eq9JTft7ZSW064JjbzPXIfXsFKV+39iO6eB3xhBJEE6dYW/UnF743+pp0c6MTiVvcNceVrnDq2D9JkLyc/SbIPttF7Vk0dPJacM27yeeqch7h9qepH6Kb6d6VGNitsS48EXOyINdNa/mJxr+n9jcl1Twy2o73mvd8PKSWx8F6D+Hr1qC1+RHo9TyKX33+Z57xB/Tu4t287OWoOlOSe55CJI9JUOdFkO/P7nocX1mq16l9P59i14bxbmtKTWuHMwcjhOYLSRPxEFeXzcZrIk5Lh8mLKf8Akcmu/JXcV8SU6NMhzg9+zA4b/eUjAwJ2S2lpG0Zwo+pnmwu6lZ/MXEZ5cpiPRem6IVrSMq+/JltvS+Ebnh/EqNBv+KkC5zSH8585BMQ17pAOmREGdRvorkuxvbiWS/E3r/f1JlLiqo17nNHl5jLHbEjzZbEnXvB6qO5zTeuz8M7PBqlWk3yvK/3/AHsbzg++8RuRgESPgYgj5KNhr2rnBcRlyv5d0ef9Sq6Jc91wa+yqyPqr7Hn1LRS2R0ySpBzBACA4UA28LIItVqyZIVamsGykVlzbrRo6qRSYjhweCCFzlDZ1jPRkL7DqtAk0zLfun9Dsq7IwYT5J9WU0VtXHW04LpbnDgcstyOvXJV38DLq0To5EWt70X1tUbB5c5EyDPeVXTT3pkhPa2ONa5wnQR1nc/pn8VhpRM7FCjtOa16n4MkG7tSchuu9Vi8gl0zysDRo2B9Bmuc+ZbMJCPFWekC23MLVwGh1l1OpRQNWiNdXlYAtpvieoBj0lbxpqb3JGNDGBWhY4ve4ucTJJ1J6rOTapaUVpIylwbClicCFzWXJLgjvH2yZRxKcgcz81JrzdrXk4TxvJLZdic3SpkMhb02R5U/CHhdg5fNS45Cb0cJUvuOVblrh+2/ZdnbGRyVbQ0LnkMzA9eq1dnRz4HR1Es1+YjPLMzPTQD5rs57a54NFDSfyec47hFK6qV6vKDJinB5fZaG82WskOPfJcE1NuSPU40pU1wrfjv/Pn/B5PxBbGm8NOomfp+67Y77nP1dJODXZ7/sIsXwMili2zbDl0x2maGwv6dRvLW5S4ERMsyz0czU6e1lmuLh5JPuz6vp/o/wDJp8FwplY8p582xLwCYGcF7PK6NtCJ3UaOpPp/bk535EoJyf8Ag1fDtEUnhgMtDg34f7y+ShXJwyaot+WV2TYrYOTXOjd2LvNlvP7r0FPFnBQ2fhLFTSOCAEAIBJCAZe1bGSNUYhgiVaSwbbK+4tlho3UirurOdQtHE6qZmMY4eZUB8q4yrO0bDKVLC4tj/idLR7jsx6A7KFdiws/Ev5kurIlHsWOHY+13keOR2nKev4ToVUX4M4duUWFeTGX5luK4JBB0P+j+qg9OiT4HquYkLRcPkIacyROk6+olbttcMcEZ7Ct0wNStgONKwDocjY0LbWhaOOzI79qha+2NC232Wq1dRjQ6zESN1hQa7GjimSaeM7FdFOyJylSifb4lK7V5bXcjzoJHieI8MnL2nHo0dO5OXzUr3Pdko+PJw6OhbGOK8RNCiS0wCORp/E+ASPRocfiFJk25pJ8a/ck+mY6ttSkvv+n+Wed/3uoH8zHcrZEN92AAACN8gFupuPY9isKpw1Lv8irK0o3lw6nWblVa7ld71N8cwc0/AiN912qt1L8yr9XxNYil5h+xRYrwvVta3gucC1w5mvggOEwcjuNxJ1HVSJzWtlHhz6otD9nhAEOc9gA3c8tH/rp8Vzck+NE1SlHnZruGb7kc9tSp/jFMgCmwsGciTJ5ndM9Nh14Nxre9Gl9UrYccva7mr4cbz1A4zEl2eoAHlBPbJVkJq7NW+0SBlfRW0vyNphh5nSNBP7L0GNJTnteCmtWo6ZaKeRgQAgBAcKAS4LIGnsWQR300BGqUkM7Ila3WDZMr7izWrR0UyovMNnZaOJ0jMzeJ8Ptfq1cXA7RmZy5w+4oZ0nyB7rhzD06/VRLMWEvxIlQyJrsx+04kDYFVppu3nNvwdt8VV3enS/8ADn9ybXlxf4uGX1tdscJa4EHecp/kfVQLapR7olRkpdhx2q5IyRn085Gn6rqnwZFMprVyAOYspmRstWdgSWrZMDRmYWwBzimkYEtcUaRhk62rQuM4bNGXdjeBgOebtewHsj+bkpG32+EcJV9QjGmi5peGT3B6EbqRDJbOmLN49nWjGPwCrs0EDcEfk4j6SpMciLR6KHqNLXL0zTcJcNmm/wAaplGmY/Rd6W5fV4Kn1f1SM6/ar8lnxZh7a1u4NM1Gf5KYAJlwBls6eZpI+SlRlF/Ts87j2Ou1N9uzMVhlux0Oa1rXffeOYj/iOvxCjPI0+mRetRXKL6zwdoP3hqSdXnb2cg3LQa6ZAAKLl5sUumHc5SuaRsOHrIyXvGTRA9f5+a4+l0OVjtmuF+5WZlq0ox8mwsqPK3uf4F6qivoiU9kupkhdzmCAEAIAQHCgEkLIG3MWQMvYhgZfSQyRqlFDOyLVtlg2UiBcWM7LVxN1MqrvDJ2WjidlMz2I8PtdMtXGVZ1jMzFzw2+keai4tPbQ+o0K4Tq6lprZ2hY1ymcOL1qYio0yPebJB+Gyrp4Ed7ROhl/+w/Y8S0nkDnDXaEO8s9pOUrhZgWLxtfY6xyq35LulcNO+mo3Hqq+dcovTJSafYfJBXPlGThYFnZkS6msqQGnUlt1AbqU1smNCHUp/+/stlLRjQqnbjpPr+iw7Ga6JYJlcWa6JVErm3ow4kyizmy0W0J+DlJNF/ZMAAEf6VxjyWkivuWyd4IIkxAVimtbIMtmaxjhvz+LSaGgnMQfa79Afz9VW5lMn9cezJ+Pk6XTIdwq1LjyxABOmvTKVUV1SusVf6ki2cYx6jc2NnAEiANB+pXscfH6Yrq7LwUVtm3wWCmnAEAIAQAgBACA4gOEIBDmrIG3MQwNOprJkZfSQDL6KGdkWrbLBspEKvYzssOJuplXc4ZOy5uB1jMpL7BgdlzdZ1jYZfE+FWOnyrk4NdjqpplJUwevRzpVHCNtR6QdlynCMvxRTOkbJR/Cx+lj1enlVpT3YY+h/dQbMCuX4Xr8yVDLkvxIm0OKqJyJLT+IER8dFGn6dYu3JIhmVvvwW1vibHiWuBHUZj6KJPGnF8okRsjLsySKwO65dDRuKDgVq00ZFhgWG2B1lILRyGh5tFaORrofZSC5uRqyZbthIy5OUkWtu6FaU2aIdkSyY4ZKzjZtIgyhyTaThH7qbGa1oiyi9kuxtKbJc0ZnMk5/Lou2Pi1VSc4rl92c7LJyWn2JymHEEAIAQAgBACAEAIAQHCEBwhAILFkwNliAbdTWQNOpIZGX0UM7I1S3QymQ61mFjRspFfcYaDstHE6KZV3OEdlzcDqrCpucDB2XN1nWNhS3vCzXe6uTr12OimmUdzwkRm2R6ZH6LX6zdaI7LW7ony1HEdHeYH55rlKEJfij+h1jOa7SF/wB8uGHzUmnP3SR9DK4PEpl2ejvHKsXdbH6XF4HtMePgD+RXGXpu/wALR1WdHymWVtxfQOr4/wCUj8wo0/S7V4Oiy6n50W1rj1J+lRp9CFEng2x7xZ2Vtcu0kWVLEGncKLKiS8G3TslUr1vVcnVJGjgTaN8Oq3hOUXycJ1j7scps9p4nYTJ+Q1VjVbKXZEWdaJtjeuqZwQO+pVzjVS7yIFzS4Ro7OpkrSKIEmWDHLqcxaAEAIAQAgBACAEAIAQAgOQgOEIBBYsmBBYgEOpoBp1JZMjL6KAYfQQzsj1LUdFgz1EapYhYaNlIiVMNHRauB0VhErYYOi0cDorCBXwodFo6zorirucBadlzdSOquKm54XadlzdJ0VqKq54T7LXokvJt1RZWVuE+yz1WIz0wYinw/Vb7L3t/4uI/JauTfdJmVpdmP08GuD/1qv/m791zaX/ov0Nup/L/Ut8P4dqu9qpUPq9x/Va+1KXZJfyNXal3ZssE4cYyDGa7V4vO2RrMj4NhZ20BTo1pECc2y1t2Lpo5sn01kwOIAQAgBACAEAIAQAgBACAEAIDkIDhCA4WrIEFiAQaaGBDqSyBp1FAIdQQzsbdboNjL7ZDOyNUtOyaMqTI1SwHRa9KNlYRqmGLDgbq0j1MKPRa+2bq0jvwr8K19s2Vo3/aR91Y9oz7zHaWEDontIw7mWNthgGy3VaRzlY2WdC0hb9JxcifSorOjXZKpsQEhoWALQAgBACAEAIAQAgBACAEAIAQAgBACA5CA5CA4WrIEliASaaGDhpoBJpLIG3UUA2aCDYg24QbE/Zgg2c+yhBsPsg6INnRaBBsdbbhBsdbSQwOtpoBxrVg2FhYB1ACAEB//Z'),
(3, 'arepas', 'data:image/jpeg;base64,/9j/4AAQSkZJRgABAQAAAQABAAD/2wCEAAkGBxITEhUUEhQWFhUXGBsaGRgXGRgeHRocGBgfGiAaGhgYIiggGholHRcXIjEhJSkrLi4uGB8zODMtNygtLisBCgoKDg0OGxAQGzcmICYtLS8yLy8tLy0tLy0tLS0tLSstLS0tLS0tLS0tLS0tLS0tLS0tLS0tLS0tLS0tLS0tLf/AABEIAOEA4QMBEQACEQEDEQH/xAAcAAEAAgMBAQEAAAAAAAAAAAAABQYDBAcCAQj/xAA7EAABAwIEBAQDBgQHAQEAAAABAAIRAyEEBRIxBkFRcRMiYYEykbEUI0KhwdEHUuHwFTNicoKS8dKi/8QAGgEBAAMBAQEAAAAAAAAAAAAAAAIDBAEFBv/EADIRAAICAQQBAwIEBgMAAwAAAAABAgMRBBIhMUETIlEyYQVxgbEjQpGh0eEUwfAVM1L/2gAMAwEAAhEDEQA/AO4oAgCAIAgCAIAgCAIAgCAIAgCAIAgCAIAgCAIAgCAIAgCAIAgCAIAgCAIAgCAIAgCAIAgCAIAgCAIAgCAIAgCAIAgCAIAgCAIAgCAIAgCAIAgCAIAgCAIAgCAIAgCAIAgCAIAgCAIAgCAIAgCAIAgCAIAgCAIAgCAIAgCAIAgCAIAgCAIAgCAIAgCAIAgCAIAgCAIAgCAIAgCAIAgCAIAgNH/F6GotFVhcNwCDHeFTZqK6/qZYqptZSPjs1pjnPyVD19SJKiZ4GcMPwglV/wDyMPCJf8eXkwYzNao/y2MPq5x+gH6rk9e11H+5KNEX2/7FfzDiHFta7UWA8vDb/wDcrzrvxO/clwl+Rtq0lMvlkPw9xdjvFNOq9jhO9RoB7DRC0WfiFsEtuH93/o7LRVNN9fZf7OgMzUQC4fJbFr44zJf0POdDzhH2lnVFxjVB6EFdh+I6eTxu5EtNYlnBuUqzXfCQVrhZGf0spcWuzIpnAgCAIAgCAIAgCAIAgCAIAgCAIDDisXTpt1VHtYOriB9VyUlFZZ1JvhEU/ifDzDXtJ7hefZ+JVx4RpWksfODxUzt5B0AE8ouqJfiM3FuCJLTpPEis5pSx+LYZqnDsuAyAS7uBs1ZvXvkt1ryn4XBpUaYPEFl/JUcbwxUwzdbKjyQPM1kf/iVB6hyXpzXH3NEdre5Gnk+asIIFSoHE+YvMntHJdu0nO5RTWPBONi6fZZK2Y13FtKiGtZAJcNzHosqcVXjHPwHBKW5ljp1zA1FWRyl7jJLDfBizHM6LWEvHl9l2dsGtuM5O11Tb4ZSc2zbBkNIeQwmzv5T3VcK7YyarX6M3JNRzM2afEdaiC0N1MAGlxPxe6jBYXD78fAdUbHlmhWzjH1jqoU2l3JrLmPWLD5qcKKnP3N/sdltriTOT5PmtWH1nU6fqXEu9g3b5q56WGd0G/wAzO9TWljBZMBgsRRLXPzCq+CPJ5S3tcEx7q562cIrEv+zNKMJ5xDBYqeetmHiB/MP2Wmv8UjnFix9zM9K8e0lMPiGvaHMIIPML0q7YWR3QeUZpQcXiRlVhEIAgCAIAgCAIAgCAxV8SxnxOA9Cb/JV2WwrWZPBKMJS6RWc/42p4cta1jqhcY8pFvUhedL8Ug8qC6NlWhlLvgisVxNjqwjD0HtnZz9LQPWTdZHq9TZ/Mkvt2aFpqK/q5KrnHCuNrPD6tdtQ7nfy+jTz91FWuOWs5/PJdGyvGGuCvVvBo1Bqa41m7B4hp9QRurq1K6D3NYOzl6b9p0HhHOqlVkPZpPK0WWSL2TcI9Fd9SwpFlqPBnoBHur5JPOfgyLKKbxXi6zKYNFocS6CSdgsuyDa3vCNtL7wuTnWPp13B1VzA14P4BuPVbKLYQkoQeV9y2cN0cvs3uH87ps+8dqcW7sBA+t1dqdNOz6cGeF0UtrLllfEYxVQsoU3WZOoiG9pPNedYrEucLxjJZ6UYrLZvVsoqvY7xCxvQjzfkbKn02o7pM6rIqXtNHK+GMM4TWBrOBNnWZ/wBG2PvKuqtznbwL7Jrhm3mvDviMhgDWgWYBvH4f9I9VL0pfUiqGoUXhkJgeJ3YZ5o1aTKUfhYQSAP5iuejPGa3leS9xhPllxyziNlVmqQ0ctUBPXbzGXGCiWmcXxyYMXmVCmZ1DUTE/osjlBP2cstjVZJc9GDGY5rWlzjZSm+MLycrhmWDRynjgUSW026mkgkQYvaQQtGkvv0ywksPwyy7Rxt5b5Og8P56zFMkNcxwsWu+oIsQve02srvXt7+Dx9Rp5UvDJZazOEAQBAEAQBAEBXeKc/fRHh4emaldwOkAWb6k7LHdqlF7I9/t/74NNNG5bpdfuchzqpjaL9WKe8OdfVM78p2HZUfw7fbLk1p7Vuii3cE1MLABGqsBLi659iVmsqjXLlceODkpzkuyfztwDZZ5SseqUUsonpm28SI3C5sHtjUCRv/4q6rG1tZO6ra8la43yQVQXtcAWjt+SuhY6Z5XRZU1OO2RXOFuI303hriCQY78oC9C2hWrMeGUuW3MW8okM54zxL3tpUGOaBu0bucdhMWVT0ns97wdrlBSzjJZcLk+OxFH78sobXa7U4e0RMW3WX0U/OUvngO2MHwuTYfw3Tw1N0F9YkX8QiJ/2gATyUL5bfpWCVVkrJcs5xRyjxnVtDND2OJECw56ZB8w9rStP/JnWoyzlMulVW8po3MqzeqyKbi6mRYtaLx6HpKu9Gi17vkqk7ILBbaPE7WUQ2rL3kQGtEl37LDChrcpP2/c7OOZJwXJp8NuqteXWptc6dMzv7w0qh2RU0oPouuinDlclwxWZtYw6iGg8yVosuSWPkw10uT4OafxBxAbocBM3lsSPfoV3QRzN4Ztm/wCHyiJyavVqUyQOxJtbpGy2321wzGSzkrrqm8STwb+Q8PYrEkVK1bRTBltpLoPJsi3qs1llNa2wXLLXOSfJ0Gjw+57IfV9LN39blYo6Zy5yUPUqL4RtYDg/Dt31v/3GAP8Arutaoi+yuWtsfXBN0aLaUeH5Y6f1U4JVSzDgzyk5/UTOV4o1GmdwYnqIXsaa12R5Mlkdr4N1aCsIAgCAIAgNXEVjs33KyX3te2BZCPlkQ6s1rpJk/kvHU1GWWa9rksIjOIKFKtTcH6bhLpRa3J4ZZQ5ReMHGqWYHC13Ma8gAw1w5TyPovRpavqW9HbY+nPKJzGcbGm0Nqt9J31eo/vmsln4fN8J8FkL6+2sMi8Hj8ViqgGBouEm7nWaO5UFo4VL+M/6dlstRuj7F/UlqnCmZ1qpFZ4aNMF7T5SDyDJu7vspwdFcW4xy/v/kqdsnhZwvse6f8Nm0/MHP1C5eSLf8AFclrL+2kkRUKc4XLMGQ5n9mfUZUY15Oz4uf7/RXKdepjmXZKVNlS9vR0TKM9ovZJcB1kixHKSsinsbhLsrnTJ8ro2MU/XTc60HaL+6pknODbR2L2SSKWaQDntFpmTtvzkLPU2ma7HmKeCsPoswpPj1NYJGjVJIje+91sbna0oRw13jg7HGMp8G1icbrpF9CC0gjy2NxG+8qdThGe25c/cjJTa9rInKquKc9tJlMaWHdzgBPNznfpup21U7HNvsmpyUuUdCp5E6o+m/EPb4TQS9jXE65BgG20wfZYoOEIubeeO/JU5te2PbJirwxg6uhxptdpkBpnRG8FoMH3VtDxHdW+X8lE7Z5xIz4qhSLCwsAaLQ20dgNlGc853CCaaaZRs7wtbDEPoVajwd2vMkdhsR+aQ9Kb2zWDXGUnHhZJPJuMQ2G12kPI/CJVtVVnLr5RRfXBd8FrwGe0q48jvbaPZJWtS2TWGUOhpblybLsSHGIk91z1VJ4I7GuTPl2P8N+nkTB9PVbNNfsnjwyqyvcslkXsmMIAgCAICs8acTDCNY0NJc879AP1P7rFqr2v4cPqf9jXpqN/ul0jSy3iSlUpg6gJ5Tf3XlqxwTjPs0SoecxKpxNxzTY8UqYLzNwIlV2U2WLPUfv5NFFcU+eWaeMz0VQWgnVE6Wy4j18o2WWVU584LYx9N9kAOBMbivvKpYxhu2Z8Qt5SOU+pXrVzhTD2rn4KLbd8tr6NGpgX4aqynXpCo1vwl15VsNVG2LWcMg9O4vMVlF64RzoPcGEMZpu0NEArz9RS6rFJvK+SxNTg8LktuYVDokHzeuyhdL25XZTWlnDNTD19d+RUovdHk41tZSeLsppuM03Brmm5iYtzVVNsa5YXJug5yXuInhhjsQ4t1hrWGHOIkXBiOrjpPsF6GplFUtzRQsws9rLHjeI6OH00WEulpFjJBG0gbTyHovLoVsotxXH3LZVqUsyfJBNw1dzW1n1RSaCbVAdVQRNgO8StMKYvMUsv7eCdlkVwjSx+Fp4p41OqCnJBIayW2EG59eZFgVdCS08mn2QSc6+CUqYXKaFEihiHhw3drkz1Lf2CWK2yS9mfzXBRGe3tkHU8QQHnUBJY5uzwf3/VbdO6mnFLnyiu7fxLJuZfi6zmkOe9lIEOi5NuhNgD69Flu0ylJ+nH/GTTXaoxW98nTcix9M0WGSBJMOsT7dFholGuO1vp/wDv0Kr65OecG3UoktnrJKu2Zjko3YZD5hgjUaRY9/0VU68rgtrs2s5nxBl4wzv82DM6P6xfstWkum3jH6muyKnHLNnh3N6rPM0N0kiTz+ar1kYynnPJOqv2YfRchmpfOm7ug3Xky3+R6aXZJcH13V3htQFpD+fMC9u+y9XQwUpqO7Ji1i2co6SvpDyAgCAIDxWqaQSq7Z7IuRKKy8HPuOaLKlBxqEA/hJ68l87ZZJSVnnJ6unXO3wcs0HSQ/wAjhadpE7henG3fH2o7KtQl7nwWXh/h7AuiXGo83edRHrBg7ei86261S9/CL88ewttPBUaYaKRFIEgQwfWFmnLdhuRBZ54JUADzEkSedpiy0JJPc2Zm88IpvG2AFdp0EahyCohaoWbkbKW0sMo+U1HNeG1ZaWhwFo39eey9K3+JD2ciK2SzIv2CzMGnpmS3kTeFgsrlCW2S5K2t3uXRnoV6rg6qWupBpPleILuw6eqjY3B5z/QRri/b2V7NuGg7xK4q1H+JcUxAbb1vI7K6GoUVFbV+ZYk22slPc6jS1NY2sx7gQYeYN+guR9F6aVs12sfl4MzdUZcp5PuRNYTpLXt3JImTbYE9eZUrp7Y8HK4uTyWmkaRe0VAbADQ02vMAnkPQQst0pV0/wlx5ZOEd8/e+fgtLcrpnDOaWNY0wWgWM/VedHO1yfZN2tTWCq4jgBoLXPeQHXht7dL81settgkmiCjVJtpEljcmo0qTRTHwjaSfmD+iy2XPcpZLaXn2+CAwNVtarqe9jQwwad+QtAO5/ZarHONOyKeH5O7UrMvtGbN80d5ngaA0ANjkJ3PRaoaSEKGlzlGaN0nck/kla3GBpUrO1HkBck9l49NVrltXCN9lMPqkSVbNMRisMfBa/W5tiGmzvf1Vz3OW2a8meMIVzznggs34Ix1Yaqhpy0DVc3MXi11dTKNCbSeCUr4zSjkycP8Cta3XUe8/6G2HuN1Ceoncvasf3Zx2Kp4zn9ibx4ZhaL30KIc8NFr6nAG4B32lVxqUpJTfDK3dKRYeHKE1WFoi8ntzWjQ1YsW0z6ieY8l6X0B5wQBAEBE5ti4OkchdeR+IajE1Wvg10V5W5lbrZWcXas37kGbky6OgHL1XmVK2U1ZnCRslKEIuK5bIPijg6k5uqkwNcNgNz6Eq2VttXuTyidU4T9s0VfBYPEUzZhFwI29z1H7K13UTh7stlu2alw1gnMyz2mKYE2EEuH6dVjjprZ8JYOuUYvJUM242xD3/dAgAEDV230+ndelVo60ve9zKG34WBwxhMfiC+qHMDW2dIN+ezYt6qGprogtrT/QnG2T7Zu4jhbFOBqBwLjuA0ibzaZHuqq9TWsLa8EpN//owaXBpa8tZXBgNkS8DtcbbrXBVzmpdr9iibnGOFwSOGxxqXe4gg7Em0R69Zv0K2+hX4Rk9WXyZPtNdrT4OpxBtsd5MAHbcc/msmproi1vRoplZLpmA8HeI1j69Ute/zOaG8z68vkssdb6a2pcePyLLIRnLJL4rIqJphhbsInmfmsysnGbmT9RNYITD4ZlMBz3GKZkCbkDYXN1a9TbetnjySjXCLykbfDua13VNNZutrvM1xER6GOShfCmDTh35Q2TlF5/Qt+IeXeYkHoByXXJSW7Jl244IPNccdBDGlx5Bokk+gG6zOXqS2o101qLzIqj+C8ZWIrMpOpuN4eCD7iJHuvShb6a2NZX2OzlVJ7k8MzY/hfGtpHx6JgOBJBBsOo3UozUXjdhfcg7ISeUssw5Nh6NVpYNNzsTDhtudz2XLrZ0rCWfudSVjy3+hfOGspZQB0VBfcDmQvP3uU8ykRseVhInquNaBEWVnq5XRn9PDI6pXbu0R2XMrtHcPpnyqyBLouJ7d1dtz2Qz8Fi4K8F9Ftem8P1j/r6Ebg2vK9bSUKEc55M17e7DLIthnCAIDzUeACTsBK5KSim2dSy8EBRwLnPfUqE3+EC0CLz1PdfOx07ssldZ2+vsjfK1RioR/UyVMRA6fsuu1pZ6OKHJCY3OsPRa4veBvaZO/IC6qrksNRRd6U20c5zfNX1qjvCp1HMPMEge4jtsowpjVzOaz/AFN8G2sY/Vmt9je+WNBJMEl1g3/cTt06rcroye+fS8GeUHBbY/1LRkHBmHaA+q4VX2IAEMae3446m3oo261tYhwZvTafJc8HSDGmwDYgAAD5ALOnti5T5OS5eImOpSgAAct/2UMeMEslQ414d8Vhewlr2iQR9IG49FOLdMty68l1U9/skc/w2KuOTwPMDb5g8917tc9yyjFbXteC0cO4lrnAExccui838Q3botv2mjT42PC5JrPOIaWHrtYWk6x8XJpiwPdZFBuUpQ8Fka8wWWQtbi2gXFhd5/WYUPQvlHdtLFCEXhsq3Edd2topu1DcC256ELbpILa8olbxymbrRiHlrGFzKnRwIJEdFZN1+m3JJ4Klnfwy28LHT91WfqcDDiD16ryZNKbaWIs0XR3LPlHQMswlNoim1rBv5Rvzklb6ku0eXZJvs2a9YASfZSsmorLIxjk08Q8FsG/UclTJ5jyTjw+CjcRcIYarqfSmlU6t2J9W/srK9Q4rC6+CzOX7iIy5mNwskjxGbb3t0B2We/0ptNLa/wCxtraaw3n9yyZbin1aLXVG6XncdFHauVHkzT4kZXugRzXGsI52z5m9XVTc0OgvBa09CWxPspyt9Nb3yIV7ng5jw9kOYnEltNlVzm7ljo2tMyLXHzXqQsrtX8N/cSez6z9I5IKow9IVxFUMAfcOuLTI3nf3XoQzhZPLnjc8dG8pEQgMWKZLHAcwVVfFyrlFfDJQeJJkXUqnSSV4k7Gots1xim+CocR5i/xadGkC6BrfpEm/wiBtusllbsrwmbqFGOZSPeUcF0tfjVXEucdRYeU3iVfVS5QUJy4Xhf5IW6tpvaufkmsRlNMtIaNIAtHXuu2UrHt4KI3Szl8nPM3wVQPc0skE2dMgEenVZKrNqxI9VYksxZOcJ4twBbVLZG5A+itTUZZxiJlvjlLHZYMaRULS2QGdCQL9QN0tXqvK8FFb9NYfk069d5t05qvn5JJI1XYt4BvPfZTU3g5t5KHxjgC4+IxgDh0i4Vuju9Ke1vg0yirIYfZCsqVJaaR84Nx26np6L1rUra8S6McF6U3jkm8JwzUxLi/EViCTq0Umj8yefssE74Ve2Cy/uafe1l8ItOWcE4WQXUGARHnu5x6klVQ1F8n7nhfBVY4Jccv5Jqng6LXCKdI6Ph8jZb/tMWVXrWRb92TjimuiP4gyXxgXNqFjgLFu49wVBLZJzXK+C2FuFta/Uq+Aw1Sk/wC8a8On44nX77rtsty/6+DVHD6LkzP2UmE1HaYEkH4uwHX0XdM5ye1GO6pL3DA8SUsW8tpavLBgiJHUQTzWjUVOM1nkogmom7iKpFhZVvK4QRGVMUWnaVXucWT2pnt2JD2xZW7lNYIYcWYgQ0KUUorgN5ZHYrHtY1zzLiATDd7CY6D3UE4uWGyajIicuzOliC1xgkC3IgHl2WTUwur4l1/Y2VqOPaWTKMa2hXZVc6ACGvPLS60ntZPw6xw1Ecdf9FeqhurZ0zC4llRofTcHNOxGxgxb5L69NPlHhtNPDMq6cCAICJzPCEgxZp6cl4v4ho5STafDNdFqTXyYqOFptvAmAJi5jqVTCmuCT+xOVk5cHgVpdpAA6lcjNyltSwGsLLMT6pcbbBc3SnLjpDCijQzXAsqs+8jvMKm+LxnJfTNxfBVsRhPBEUwSRtB37rHG1Z2z5+5vXv5N3C5s8gMcDqOzWiT8gp122Se1dFVlEF7skp/hJeB4jnU28wILv1AV8tOm07Hx8Izxu252rL/sbJyWhtpce73fnBVqpqzhIr9az5Pv+DUAQfDZI2t+6sVUV4I+rN+TnvGXDj2P8agBYyR1+S5RqHQ9k+Y+DUoxuXwzVyLMqrYIAjnq1eX2Vl8a5vcnz8cE4xlFbZLgtzMy1QGnV1K8uTkpJEnBKOTdLZGkbncrRtzwjLu8sw0KbgSJMATPPsoxjtOt7j7QqNcSXNjT1JN/XkUjib5OyzHojKvDxq1DUk3IcBtcbHsuRVmMRL3fFLDRJ4bAU6RLgA15F4G5VkYY5bM87XLjweMRXvvddyQwRmMqmYCjLLJLB5ZRc4dB7pGEg5Iw51i/DaACPKC5w9ALD3v8lZbnaorts7TFNtsiHZlRimRdlYEEHblY9N47rMqLPc/5omrcun0VTMsD9jrQ1zvDMOY7oDPMXkRH/q9eq1amrLXPlFGNjLRwzjxVBa46g4QSec9fVeVrqHS1KPBohLfFo7Xwy1owtFrRAawNA/22/RfS6We+mMvseFcmrHkk1oKggMdes1jS55DWjcmwHcrjaSyzqTbwiCbxNQrNPhEuIdEQQTE3HUGN15Wu10IxUYpttmuvSzzlninjadQuax4LmfEwG7Sf5hyVG3ckzrTiY2O+IquKxlkn4MeAGom+30SqORNmTGvFmhRvw/ajtfHJjp4KbvAjkFyGnX8x13PwfXUAz4Ib2SVO3mPAVjf1H0NAEuM+g/dTVaXMiO7PRgq40g2hRc2mdUTFTxLyd90UmzrSMWJpFwvA7qE4blyShLa+Cs43JWsfqaXu6gCyzS3QxGPJvrv3r3GzgWXDWtgC5HNUptyzg5PGOyVo15cY/sLbB5MUkZKmJaPVdlJHEmeMO6lMmZ6SuR29nXuMzsx02EKasa6I7EyNxdZztlXJN9E1hGGnT5lThDHLOORgxeJpU4c9waNhJ3J6ddlao55RHl8IrvEPGTaFRtLS5ocJFSAecWCsqqdte6sliMJYmYa9P7RhqgY+S9pIdMzzuehiFgjN16hSsXk2NJw9pRKmLcHNYSSGi0cid++wsve9NYcl5M2/nBY80xf2jL21hZ9J4nsfKQR6ywrz9PX6OplV4ayTslugpERk+c+E4OEHrAie42WnUaf1I7RVYlydY4O/inQbFGuHNbyqaYAmSQQCSRPP1U9Huogq59Lr/Zm1FPqS3w7OjZLn9DFavs5c9rYl+lwbJ/CHOiSOcbWW+M1LowzrlD6iUUyBr5jhW1aT6bhIc0iO6jOO6LRKEnGSaOMY3hLFYXViKjxSoyGhms63AmY8tokdV5s6tkd0z1I3Kx7Y8shsCMbUxQdhKFSkJOqq4OaIPNznbgdLqqdtUYOTkibhjhltxfFFLBgU8ViDVe74iGtltv5WCQ07Xk3WWictQ3tjiPyQsq2rJK8PcU4KpTllVrS8wBU8hMdA6J57LR6TrykUSjJ8tEjUxcGQZBVLTTO+DG7MJO6622cwjwMS5xgXJsFDklhH2uyoDBj2MrjjLOAmuzy6kW7gqWzaN2TA6qeeyjhs6YK9cRZ/5qMlx2dRqOxmnmSq28E0smphcU4VNbA3UOZAJ+aojuTzEulL24ZJYVzryQCeu60Qzjkolgx4miZufkuuGewpYNjC0dJ8wm1lLZgjuyK5BUtqOZIHPeIqOFDfEJJdOlrRJMb+g91bVTKf09BsicizXG5g4mjTbSowQHPPmJ/02g+w91LUKqnEN2ZHafd7muCt8bYBwZTxQDg4eSpMyCJgkcriPcKWguzKVEvzRZqY7MTiQtSMTTGokOHwuJtI/CekrfH+E/sUzXrRyuzJkeZV8FUAePITcco6tOxVWq09epjx34Z2mc6uJG5xPlbGvbXpGaNa4iSA7ctHQHce45KrS3ynFwn9UeH/AJLnBJ5RKcMBtXD4inBuA6D1BH7BZtS3XbGf5l69yX5mfLOGKesl0yeU2VdmssklGJxqMXuOqcG5PgBDH4Wm2tAgvl2sdWipIB7brbodRGb2WLE/3XyjDqlNe6LzH9i+U2BoAaAANgLAey9Y889IAgILPsOSWuc1rgCYkTp5zBtNt14v4nG7hp+39v8AJt0sorK8lQzt+Jc0hhLR1G6+ew92bOV/Y9Wv0112c7zHhvVJMk8yd16lWuaJyhGXGDRZhPCoOB5OOmeQIvf2+vVbt6sxL9DPtcHt8H3hLiDE0joDfEpkyWExo1Gzg43AttHVaLIRa5MzjueSQZxv4GId9ocXMdMBoH3d7W3IiVGFG+OUQucYcFgwX8RMBY+KQZ5sfb1NrKL0s89FW9MmKXFOFqXp4imesPH05KiVM4vLROLUujzjOJ8PTbrfXYG+jgfouKucnhI70skdiOKqAjVUadTg0Bskyesbe6Kmx+CWDZfUouALKjXE9HNj91RZVJeCUX8kfjcwpUHNbVqAF8x0AHUjbfmp16eUk3gORDYnjrCU36QXOvBLWmB84n2laIaGbXwVSuSfJPYfOcO4Fwr07f62wO91RKiaeMFieTVrcd4GmADUL5O7Wkge8QroaSx+CEppcsicz/iXSBApMeQfxG0dm8/mrFo5td8nN8V2b7c6qYilqo1WkHoL9jN2lefOcqp7bV/7/s1wrhJZjyUvHZMatRoLi2J1AiTcySD+q9CGqUIN9nJ6fe1h4J3P83r4OhS+y+UNc0OcIOkDZsRseZ7dVi0VNeotlK3l+P8AI1UpVwSguCawjPtuCrDUXPe0uBNz5myD3B+iztujVRk/nBbLE6/b8HM20XsI82oH0MdiORX0GUzIsxwnyWGvSbUohjmzEG0S0fzXvvCzQk1JsvnHKMmUO0U34esNdIm0G7TvqbPzjv6rPf8AWrI8P919y2EPbgnOHMF4V2kkTAJEEj1F/kvP1V26RZL6cE/SbDo5bqurOUZ58xydVp5ZTdTpB7ZLA2DzBA6j1X1D09c4x3rrGDyVbKLeH2b60FQQBAa+Ooa2EDfkqNTT6tbiidctssldr4Y6SI80kQvmrq5rKxyelCayn4Klm2WuM3/qVjqTi3u7N0bF4ObZzVe9xpsILW3vse/yn2X0tNajFMyWTyzzlPhnD+LSJNQucHkjmNhztpcPmpWJ7kn0QrkmngrNXCnxHGqJmYM8yLLSpLHBRKLbbkRr2xPUdPlurVyUS9p7ZW0wWyHAyP1BXMZ4Y3Yw0WDBEOc0BjdFcNLgRtoJcdPycPdZ2sPnwa92+OfkU2kkuHxF+kTyJHxewH5JjjB3PLPFZ7GCakkTAda/Yck2uT4G9QXJFuq6ydMgfnAVuMdlTnuPGKwEEEmzrg9f6rsZkZUp+Scw+VFtLbcLE782G6NSUMEG+qLeW0XHXsFswY92O1wWDMeBsQILS2IBgkwA5oNukTEeixR/EqYtqXZOeklPDiauCweIwb9bajR1bch3dWTsp1MdrWTtVFlTypFywGOoY1sfBWbeJu31B5heNbVbpJZXMH/7+ptjOM/zN7D5MamGq0qvmJDhzuRdp68gqf8AkqOojOHH+ycoboYkV7h/PqOFaHMeYb+C5JBvF/mvQ1OksvliS/UphOFcMLr4LLm+SUq9M4vDNa9jxL2ACW/6mjcid27i/tXpdTPLqs+pf3OSSX5PyU7XT1EMeA5zCI1QZIIg+o2XpqLeG0VOXDSZrZQdLwIJBEiSLTytvcxP0UNTFOD8FtEpJnRsvp7T7QvnHhywWzZPZPhfErsb1cJ7C5/Jelpq99qRitniGTpq+kPMCAIAgCAjM0w99XXdeXr9Pl71+ppon4KxxLjKdFhe43iGiPi/uy8tabfPK+xshN4wcPzbFnU6nh26nvBmNmzYxO9rL2IqK5k+Dstz+lcmfC5Q/C0w0uaKhMuaHXv1jt3UJ2OcztcIwh1+phqV9TvvmFwPOxn0kQR7q5RK3JGhmGRNfLqBdA8xa5tgD0cN/wC7LsbHHiRCdSl9LITF5bWY3U6m4NJsYtPSy0RnF8ZM84SXgkspY7wiaTHudqMwPhtHbYqqz6uWXVcRykZcvov1NHxEeYtEzJtBn0m/qouSwTUX5M2f4FrAwOJLxJLZEN9Dzkn6JXP4FkF2yPOW1HGaZgNEybGbT7TsVbuSXJRslJ8G9hqepvhvLXOHmEfmCs8nzuRqisLa2bOYY+t4UsMNpgAti4iBDucRzVcIQ38rslOTUG14NPLRRq7w0kyLCAeh/uFbZvi+CFcoTRO5pnOM8/i1Bqglpa0QQBynkskNNQ2ml+5a5SisZKu+i6s9viVXQ7fUduy3LFa9sTK4Ob5lwbdfDMo1Q+hqa9lwRf8ALty9VWpSsi4z5TLnVXB7o8M6pwNmjcVS1AEFr9LgesA/qvlfxHTPT2pLp9f1NtVqnBs51n+QswroqGG6iGkcwCvpKNT6/MP1Ms4KK9xk4O4hq4UnwjLXPjS6YPrbYxzUNbo4XtOXDXldimeImjntPxcVUcGtaHHVDRABIBO/qtEZbIJZEa3KX2LHw9l5lsiwE/30Xl629YwjSltLdh7QV5KeHki+eC9cF5aQDXdzkM7cz+nzX034fTx6j89Hl6if8qLWvTMoQBAEAQAoDjfHuObUqvEF4YTTY1vMtu4kDcTb/iV42Yxk4o9amD256KhhMMG6nujxXwSNtIBsPLaf39FZJ7mueixLHS4NHMsZrf8AEWx0II79SpxhjkjnPCNFuIp7DEn3Lh9Qrefgqyvk9/bKweBSqNczmXEG3rC49vk7h+Ddw+PY/wApJ9RJFh0jdQlHgkmYBmlO4aKryN22sO53Cen8nVZ8Hh+IfUafBAZNiR8VreyY2vkZ3LgjcyGlpkedokERf5q2vl8Fd3EfuQ73VTuXfIq/EDK5Wvgl8rwJYwl0DVcum8dAqp2Z6Lq6XFZkaOaY3xHnwyQwANLpjV36zCnXDauSu23e8Low1agb5Yi3zspYyc3pcIs2XsL8I28kRE79uyyWYjZk11PdWiOpU6bDYAF22r8wJsrdzZBxSNfF4WrILG+Ufyn9oXYyj5IzjPwjof8ACIHTWb+KQ4gfKe68D8dg5bJR8GrTPannybmZ8VUm4irhcRQFZgqRYA2dedJi4B5FK9BPbG6qzDa8knPKw0UrEOpOxLhQZoosBLGzMEkczvzPvvzXsrO3MnyUx+CQpUW6w4iZ/RYLLM5RvhDES2ZY2BcXP5Ly7JpzKbOWSdDDurVGUmXLiPkNz2V0KnbNVx7ZS5qCcmdVw1AMY1g2aAB7L6uEVCKivB48nl5MqkcCAIAgCAwY5ryxwpkB5EAn8M/i9Y3jmoyzjglHGeTmWdcJV2V3Nosd4RaGioSDckFznXmSSSvKsodc28cPB6cNRGUFl8/H7EPmPCVSmCTWmAdUtP0kqqVi+CULcsomOwlV1xTMDmAf2VkbILhsvcWzFlWSeI67e8/02U7NUoEHQu2T7uFacWZHYkH5ysj/ABCWejiriadThamATDjG4Lv6KyGub6R10xI0M8IuNMt+Ai/Q8u3qtW7ckpEdjXRGUsA83dU0NPSS7/r09Vo3wM7qsb4Nl2H0tIadY/miDJGzh/6obk3lFm1pYkj2KQZ5neZ3La3QW59SoueeDsa8EVjXPeb7dOXyVkXFEZ1yke8LlLnXj0/sBcnekdjp0jNiMrDf6i/5eq4rciVXBm+1Oo0dLBzls3vvbrujgpy5Iqfpw4MfgurU2+II80z23PvIUvoeUR/+yK3ChgblrH3F7Wn3HT9VGU0lmRNRecI2jUfTcBJa8fiaSDHcc4kKpbZrOOC3GOD1Xc7S6q4kuduTuZ9ewUYtOW1eCT4iY8ppv1AiJe4CPRWWSST+xXFMuuFyx2qwgden9V4vM+DVK6KiWjKsrfXfopiw3cdh3KlTot88R/0Y53bVlnQciyGnhhbzVD8Tz9AOQXv6fSwpXHfyefZbKf5EstJUEAQBAEAQBAfHtBEFckk1hhPBAZvlRALm3H5rzbtK48rlGmFueGU/G4JttLQALRH0XmW1+TZXY/LNJmXgOBAhZvTe5NF7syuSQrRA8slaJYx0UR/MqHE2L0+Vggmx79lOmpL3s0V5fBBYfCQAIvzlSlc85NO1YMjsCyfgI/5CPaQu+vE4lL5/seH4QSNLfmZXVdHs5JPHLPf+HAkEjsuPUfBFLg3amS05Bjv3/ZUy1XPBxSwsMHAhvT5KPrt9jcl0aNbKgATcjna/5K+Opb4IZTILGUQXaWzpbP5+ntYLfXOW3LK5wWTwA1vLntufdW8srJbI8A4y9wAGwAHL1WHV3Je1FkOOzcxOUsc4OcNhyO59faFnhqZRjtRLHOTxjaDfCfIkadvXl+alVN+osMm1lG9wjlxbTD6jfNPlkXA99pMqzUT3zwnwZ5PCwdLyThOpUAdW+7Ybx+I//I/NaKNHKSzLhGSy5J8F4wmFZTaGU2hrRyH93K9SMFFYRkbbeWZlI4EAQBAEAQBAEAQBAaWIymi+5YJ9LfRUy09cu0TVkkQ2K4V/kf8A9h+o/ZYp/h6zmLL46n5ILNMBVpf5jTHJwuD7jb3WW2icPqRbGxS6KpXy0OqvqE7xA9tyPyWW6T24RrhZhJHynl4BJPt6LJJv5LPVZm+xMi4UVn5OeozBiMOwKST+RvfkxU6LX2P52VsK3ki7Npmq0OQVnooh6jMTcMJuirSOObIrH4qo9xZSbpAMF3b1Pw/VaVCtLMiaWFlsja+Tv8xmTvYkkkd+atV64SO7l5PWV5MX/eVZA5MuPn0291K65r2xK8pMsIpQNgB0WBxb5Y3HmnhwblQ2k9xOZTwrUrubFPS2ZL3Cw9RO57LRVpLbHxwvkrnqFBdl/wAp4ToUXazNRw21RA9QBzXr06Kut57PPnfKRPrYUhAEAQBAEAQBAEAQBAEAQBAfCEBCZzw5TrXbDXdrH5bH1WS/SRs5XBdXc4lVxvDGIaTDZAvaD8uf5LyrPw6fwao6iJCvonaVmWmXyW+oeW4dqujXFEXNsyMosFoUtqI5Z4dSbysmEMmMYdp3PyXNqO5MdfCNcZm3oouKbydUmjNTyeoRNOlUcOoaSPmrI0yfSOOa8sy4bh3G1D5aD2+ryGj8zKtWmtl/KcdkF5LBlf8AD4nzYmqR0ZSNvdzhf2haq9Amv4j/AKFMtTjiKLhgMnw9EAUqTGxzgE+7jcrbCqEFiKM8rJS7ZvKwgEAQBAEAQBAEAQBAEAQBAEAQBAEAQBAY6tBjviaHdwD9VFxT7R1NoxvwNIt0mm2IiIGy464tYwd3P5NShkGFYZbSbPrJ+qgtPWvB12Sfky18ow73anUmEjnAXZU1yeWgpyXk9VMroOuaVM/8QuuqD8HN8vkyvwdMmTTYT1LQpbI/Bzc/kzgKRwIAgCAIAgCAIAgCAIAgCAIAgCAIAgCAIAgCAIAgCAIAgCAIAgCAIAgCAIAgCAIAgCAIAgCAIAgCAIAgCAIAgCAIAgCAIAgCAIAgCAIAgCAIAgCAIAgCAIAgCAIAgCAIAgCAIAgCAIAgCAIAgCAIAgCAIAgCAIAgCAIAgCA//9k='),
(4, 'chuzos', 'https://media.istockphoto.com/id/618550582/es/foto/pincho-de-carne-sobre-fondo-blanco.jpg?s=612x612&w=0&k=20&c=COD9FgUA4RhUguCSpJRGduVlXYjBenRDh5HXSWGQyf4='),
(5, 'sandwichs', 'https://media.istockphoto.com/id/1141840199/es/foto/s%C3%A1ndwich-sobre-fondo-blanco.jpg?s=170667a&w=0&k=20&c=m9LbfRgPpNwrOfXMiCYk4GrZFoen9ab1lnMZ3CZp5hQ='),
(6, 'chorizos', 'data:image/jpeg;base64,/9j/4AAQSkZJRgABAQAAAQABAAD/2wCEAAkGBxMSEBUTEBMVEREWGBUWExUVEhgVExoXFxIXFhYSHRgYHiggGRolGxYVIjEiJSkrLi4uFx8zODMwNygtLisBCgoKDg0OGhAQGzcmICYtLS0tLS0tLS8vLS0tLS0tLS0tLy0rLS0tLSsrLS0tLS0tNS0tLS0tLS0tLS0tLS0tLf/AABEIALcBEwMBIgACEQEDEQH/xAAcAAEAAQUBAQAAAAAAAAAAAAAABQEDBAYHAgj/xAA/EAACAQIEAggDAwoGAwAAAAAAAQIDEQQFITESQQYiMlFhcZGhBxOBYrHxI0JScoKSorLB0RQVM0Ph8BY0Y//EABkBAQADAQEAAAAAAAAAAAAAAAACAwQBBf/EACoRAQACAQQBAwMDBQAAAAAAAAABAgMEESExEgVBURMUMmFxsRUiQoGR/9oADAMBAAIRAxEAPwDuIAAAAAAAAAAAAAAAAAAAAAAAAAAAAAAAAAAAAAAAAAAAAAAAAAAAAAAAAAAAAAAAAAAAAAAAAAAAAAAAAAAAAAAAAAAAAAAAAAAAAAAAAAAAAAAAAAAAAAAAAAAAAAAAAAAAAAAAAAAAAAAAAAAAAAAYmNx0aa1YGWDVsR0lV9C3T6T94G2ghcLn0Jbsk6WKjLZgXwUTKgAAAAAAAAAAAAAAAAAAAAAAAAAAAAAAAAAAAAAHmbsjTc6rOpV4Ve3Oybtqley8Wvc27FPqs5BmmdujmLnxSVPSFRa24dU9FvZtv6GfUZPCv7tejw/Vv+0bpbE5PNzuqzUNdFG3JWjZO3fqYdfLcRHh+XUUnonG1lpHWXtb6ktPG3utkj3hsVF2/rozH9PfmHqfUmvEtboZt1uFxcWu031bPW6fjp3E1g81d+pUUvVfTUt5hgKNbicorilfrJWknbRp96NZzLK6lOKdGcqkV2o2XErauV1uu87GXLT9YctpsGX22l0fB9IHF2noyeweawnzONZfm9knKr+y4aP6ar7icwGbJ83B+Cbj/dGjHq6274Ys3p2SnNeXWIzT2PRoeDzypHe7XfZ29ydwnSGLWpqiYnp59qzWdpT4MOjmMJbMyY1U+Z1x7BS5UAAAAB5c0B6BjVsZGO7IvGdIIx2YE45JFqWKiuZpmM6QSet+Fd7dl7kLWz+HOsr9y1++xXbLSvcrqafJf8aunRrxezLiZzXB523ZwqKS87f8GwYDpDbSehKt626lC+O9PyjZtYMbCYtTV0zJJIAAAAAAAAAAAAADxVjdNHB+muGcMZWjL9JtftLiX0a+472c/wDifkXHGOJhpKHVnpvFvqt+Tf8AEzLq8c2x7x7N/p2WMeXaffho/RfMG+OFWaUbcUXJpW4d16cvAksPjlNXhK8LtX77Oz3NYx2G0TjG1+0u59xgyx9aCtGbUVsrLRXu1t4mLDl8eJevmwRfmHSKddtWRWnK0tdPqazl+e0uBcLk+BLick13a+bd+8zKmd0mlKVSEdtL27rLXnzNNbV32Zr0tEbwk86yGGITlG0aqTd1ZRk+XFp776kVhclxFOCl8uMn+ip2lv8AoySXuZWXZzTqSXDUUk3buu7XskbJ8262uV3w1meEsee8V2lqf+d1qFuKlOHK7SUfVMuUeksJu8lHzS4f5be5NqaTvfz1uW8VlNCv1pwXFa3FFtWt5O3scnHkpG9ZIyYsk7Xq84bM6btw1eH9a7XqkSNPNZrapGXlP+9jW8d0ajFXpyn36yv9CLw2U4pSbX5RLbrpN+V+XkSjUZY7jdXbQ6e3MTs6FSz+p3N+Wv3F+PSZrfQ0PFTxVBXnTbj9jVLzfI90Mzr3dqdR234Epa2vZuOxONZ8wpn02P8AGzodLpMilTpMuRoFXN67dnRm2t3OmvvaL9NYicVJUnZ6rj4YR/dlZv0Jfdx7RKH9NtHdobhLpJJ7JmJWzmpL7Pm7Guxo4qcn82soR+y3OXvZGVRyakv9SpUqvulJRi/pHX3E6i89VdjQ44/K3/HvE5tG9p1Lu9lGGrbb0WvMTwlacuyqULXTcryl3bNv7l5ljGf4bCpVXGEHFaNLr/S/afq/vUaulUZQ44yl8ptxjJxfG5Jawtq2/bbmyHle/crow48e01j/AHJn1GlRg3Xm61Rq0I9leForZeL0NGnmilUfElBLRRiraa87e7MjOM0niJ8UrxjZcEXtwtXv4t3epFYiim78zNPjvtL0KxMRu2PJnFytOc4pq0eDWTk9klbUlp4utQ0qXUZf6Tmot28eF7+BqeAxKi1fW3n6ppppm4YvNKNaiuN6WXU4uvxLnu36+Byn9pljynaY3htnRPPb2v8AX+50KhU4ldHAOj+KdKrC8tJNJK/6TsvJXsdq6O4nigrnp4MnnXnt4OswfSvx1KZABcyAAAAAAAAAAAFrE0Izi4ySlGSaaezTVmi6AON9Ksglhq6Su6cuw++KfZf2ka7iMvjJ3t46frK/sd8zDAQrQcKkVKL9U+Ul3M5V0tyOpgbyUXVoyfbXJX7Mlye1nzs9tjz82n8eY6e3pdZ5xFbd/wAtHzDBulrFXVtfMtQjDhvPrLTqrd93kbEuGps1KLun+BHV8FwyjZJR4o305cSMvjtPD0PLeGv0nOEuOneKT4tOXJa787G05Z0sqqP5Rcfjez220MLMsvlTnKKV43dv6Iw4UZxSfC7Pw5MlOSyEYqpWr0lruT6kFC/irJK9r/1tz+hbwnSSqpK+sndW4bJP73o1zMWE4T0bcEraW5rf7kUxGEjxylCeyWl7aPS/juX1y712lRbDEW3huFDO6co2nNLm7vfk35XLcukNOLSU15rReV362NeweClUVm/2nstOzfyv6ok6vRyMqfVSu1fd2v37jHfnlzLi+Gw4fMFVS4Zcb52asWM1x0oWmpJNLVS7PWahGUmkn+c9Od1sa1hckpUk3Unxz58vpYylh6NVKnJS4paRSbut7S00SXjpocniXYrwn8vzmPCpJuXc1tvv/wB7y5ic8T5xT5WabNEzHo7KhTbjUcpp8m7Nck1czMlyR1o8U5OK89WvJ/8AdCVp+EaU+WdnHSenTajxSb58KvyMH/yapLSEbJ2s+e+/npzMDPMFQpT4U5TkrW1WluT0+v8AYzqNejxRcbcvJXX4nYvE12knFtbeGBmmLc7KpCaqLVOWunPR3vqu/ZczBwuR12nVoxVo3fa61uG7iovff3JjpPioXjTi+Kyve90m+5+hD4bMKsU4xnKz5eJTW20r7RvGyQx2OjOEY1KcZS4dJX5NaNW2uracn5EPKS+hWopX723fay1PVLDy5IjPLscLKavqZeG0kuf4F+GGt2kr+pdp0Fe9hNEostTi5zvzvy5Pkdy6FXdJN6/fa+ntY45gqLlUjGK3Z3Po1gnSoxT3tqbNNj8ZmXmeo5ItWI/VMgA1vJAAAAAAAAAAAAAA8VqSlFxklKLVmmrpp7po9gDm/TD4bqUfmYC0Kq3pt2jJdylupeb1OXVsdVoTdLEQlTmt41E1PuTV91pvsz6ZI/OMkw+KhwYmlCrHlxLVeMZbxfkzPfT1tzHDdh116RtbmHA6OeKTSqdbulzvyVjNwuMoySpqW7slazV9t/E2PpB8HbXll9a3P5Vdtx8lUSuvqn5nOM5yvF4KVsXRnR10m1em/KpG8X63MtsN6vRx6rHfqWz47K4yi5Qeumv02IaWDlBOT1js+/lqRVPM3ym1rfcksJnWnXXHdO95NR1Vtinx+WnyZs6sqDjZcUV143d+1D/n2LeHzutFS34uXNK/gZE84oOmlZ3WiWj0b7/DxKRx+HcE2235NNa+hyIdmYlF18ZOpU4nKz0/EzMPXqQbdOzk7Xe8l/Yri8FHtxkrLmno1poZM6atBppR04ndRV3yff8AiT2c3R9DHTUpubu5b377F2pmlRW4bx0skl76kpRymLV5c1ytbfv58j28JTT4VZu17c7d9iPJw1SqpSbk1dt3vzMzLsH8zRS4Xyurp2317yceDV+yrc0kUp07O0E4rwWt/qd2GBicllfVjC4CMWr6slpVYqLcpqy9VbdW3uR7zOEotwVrbtqytsIJZCw6fJL0LdXDqPZXmRWIzV8ptv8Ah8bXMWWMlJq82/rp7nd9hLVVroikIW1laKW72JXo9kmKxMUqFJzi/wDeqfk6K8m1xTS+ymdH6N9AqNBqpXf+JrrVOUbU4P7EO/xd35F1MVrMubU48fvvKF6A9GJuUcRVi6cFrCMlacu6Vn2Y+78t+kwjZWKpFTdSsVjZ42bLOS28gAJKgAAAAAAAAAAAAAAAAAADxWoxnFxnFSi9Gmk0/Bp7nsAaRnfwry3EXcaTw03+dh5cC/cacP4TSsy+C2Ijd4XFU6i5RrQdN+XFDiT9EdsBGaVnuFtc+SvUvnHGfDTNqW1CNVf/ACrQftJxfsQmMynG4dP52Fr00t26M+D95Jx9z6pBXOGsr663JD5DWaXXa9y4swutXr5n1dWy6jN3nSpzb3cqcW/dEdiuiGAqdvBYaXj8iCfqlcj9vVZGvt7w+bIZpZcN9OeungW447Xf68zvuK+FWVT1/wAM4P7FapFenFYjavwXy57PEQ8qyf8ANFkftlkeoR8OKzzB3vxO/ffUp/mk1e03+8zttD4NZbHtfPqfrVrfypEphPhhlVPbCRl+vOpP+aTEaaHJ9Qj2h88TzJc9CQyjLcViv/Vw9Wqn+dGD4P33aK9T6PwPRPA0XxUsHh4S/SVCHF62uTCRKNNVCdfb2hw7JfhFi6jUsVUhh484r8rU8tLRXqzonR/4dYHC2l8t16i/3K7U3fvUbKEfor+JtwLK46x1DNfU5L9yoo2KgFigAAAAAAAAAAAAAAAAAAAAAAAAAAAAAAAAAAAAAAAAAAAAAAAAAAAAAAAAAAAAAAAAAAAAAAAAAAAAAAAAAAAAAAAAAAAAAAAAAAAAAAAAAAAAAAAAAAAAAAAAAAAAAAAAAAAAAAAAAAAAAAAAAAAAAAAAAAH/2Q==');
INSERT INTO `categorias` (`id`, `nombre`, `imagen`) VALUES
(7, 'bebidas', 'data:image/jpeg;base64,/9j/4AAQSkZJRgABAQAAAQABAAD/2wCEAAkGBxMTEhUTExMWFhUWGBcYFRcYGBUYFRcYFxUXFxcYFxcYHSggGBolGxgYITEhJSkrLi4uFx8zODMtNygtLisBCgoKDg0OGxAQGy8lHyUtLy0tLS0tLS0tLS0tLS0tLS0tLS0tLS0tLS0tLS0tLS0tLS0tLS0tLS0tLS0tLS0tLf/AABEIANwA5QMBEQACEQEDEQH/xAAcAAABBQEBAQAAAAAAAAAAAAAAAwQFBgcCAQj/xABLEAACAQIDBQQHBAYHBAsAAAABAhEAAwQSIQUGMUFREyJhkQcycYGhscEjQlLRFGJykuHwM1NUgrLC8UNjg9IVFiREc5Oio7PD0//EABsBAAIDAQEBAAAAAAAAAAAAAAABAgMEBQYH/8QAOREAAgECBAMECAYCAgMBAAAAAAECAxEEEiExBUFREyJhoRQycYGRscHRBhVCUuHwI/EzgkNTVBb/2gAMAwEAAhEDEQA/ANxoAKACgAoAKACgAoAKACgAoAKACgAoAYX9tYZDDX7QPMF1nymoOpBbs0wwdeavGDfuYku8WEPDEWv3xS7WHVEngcSt6b+A+w+LR9UdW/ZIPyqaaexnnTnD1k17RamQCgAoAKACgAoAKACgAoAKACgAoAKACgAoAKACgAoAKACgBLEYlLYl3VR1YgD40EZTjBXk7Ee28eEH/eLX7wp2Zn9Nw/718RbD7awzmEv2yegdZ+dKxZDEUp+rJP3j+guCgBntliLF0jj2b/4TUZ+qy7DJOtBPqvmYyuMCMSVkQeXMqR8zXJUrM+gSo54pJkFdxEnzqu5ry2RctxMRGJt68SBHWZBrXQfeRw+Lwvh5Gu10TxQUAI4jFInrsq+0gVXUrU6avOSXtJwpzn6quNDt3Dj/AGy+dUen4b96+Jd6HX/Yzuztew2i3UPvFThi6E3aM18SMsLWiruL+A+rQUBQAUAFABQAUAFABQAUAFAHF26qiWYKOpIA8zQAxfb2GH+3tfvg/KnZgK4falhzC3UJ6BhNFgHlIAoAofpOuH7Mcob4wPyqUTz/ABtvuozzFqzAQjaCNAddTrw8aGzjwi21oIYdGU6qw15g9IpIuas1obvsBpw9o/qDyjT4Uj1mH/4o+wf0Fwji0LIygTII4xxEcYPyoHF5WmZy+6zyxi5JnVXtx7iygis3oqvuzvx43JpJxjp1uRrbpNPr4gf8W19Kj6J4sv8Az1W9SHwZad0thNZu5j3tPvFcwnnImatp0cjvc5mM4k8RDLlt7C61ccsKAKfvq32ij9UR5t/CvL8dzOrHTl9zu8KtkftKjiyx+6dPD21zEpPdHXi4rmJ4EGQD7PpVii77CqNWNdws5FnjlE+VezpXyRv0R4+dszt1FasIHL3AOJA9pigBs20rQ4uKdmK4rZxaN6rqffr5UrDuLUAFABQAUAFAFE9MIP6GpiQLknw+zcA/GpR3EzDcZipQcNQeY5tPI9Km2CO9jnM2gJM8vYw+tID6f2SpFi0CIItpI6HKJqsY7oArO+2zWvIgBUANoDmk6EkSPZ0qUTJi8LCvFKRSr27cjW2v79/6WzTauYvyyktk/idYHdUSGUKkcy11h5FBp76LWJrh1O99TVMLbKoqmJAA04aVA6iVlYVoGFACFtKYjwoKYHVpADPhSYxakAUAVzenZ73cuV1HGAVJkATqc45+HOsuJwdLELvrY04fFToeqVy7u5cPEIfc3/61k/KaC2XmzYuK1OvkhbZ+7jBlJyoJGuVuvjcq2HDKMXe3myupxKrLS/ki/IDAnj4aDyk10DnHVAEHvDMr7PrU4EJFb2rmA1EerGo5e+poizrYYJdT+t9aTGi/VUWBQAUAFABQBDb07JGJsm2xESOInmB1EaTTTEyoXfRxYZQCluBwGV4+D1K4gwHozsWyCsJqD3e0PDwZyKLjNGtLAA6CKgM6oARxHLzpoDhl0FMRxloAdg1EZ7QBy50oA5SmI5NMD0GkArSGFADe9qfZ9aaA8amI8AoAcg1EZ7QBBbzYe4wU2yZngEzaAE6knhPzqUSMkQF7A339ZW/8oH/PUiI92Ls26LizKgf7sAcOfeNJskkW+oEgoAKACgAoATvKCIInn5UCOSoipAc5B0pAOKQwoAbXDJ+FSQHt3lQhHCmgBxaOlJjO6QCTGmACgR5TA9pAdqaQz1jAoAbga0xHTjWgDymApaNJjFKQCV400By4piBDrSYC9IYUAFABQAUAJOaaEDUAcigBVDSGFxoFADdRqKkI7u0AcCgDu2daTAa7e2mMPaz/AHiQqDqx+gAJPgDSuTjFyehT39JNtbyWDZcu5RVClT3nYKsyRHGT4DxFGZMseHqKOa2ha8fthbVtrjKxCqWhRLGBMKBxNSsUFJf0wYMadnd/dHzmoZi/sJ9BXA+lfD3iy27N2QJ1CCRMad/2edNNMToTW6JvYu9vbvHZ5RIEkydRT0Ium1qWHE4kA5ff58KrdSKdmxKLepzhsQGJjlRGrGWzBwaPL2KANKVaMXZgoNif6avUef8ACoek01u18SXZS6HqY1Z5edOOJpy2aE6clyJAHnVxAQYyaYj1zTA8FACyGaiM6oAKACgCP21tVcOgZgTJiBHDmTOkAfSgaTexB7J3xsYi+bFvMGVczSracIUkiAxnhrwPCDDTvoiUqcoq8kdbX3tw+HudncxAUxPfWR4gFY1gg+GZdNRSldEYxuR2G9J2AchRcJYkgQlwTAmdV4eNClcm6U1yJjZ29lm6wCyJMagz7egFMi4NEzilZiMrARxkTJ5fXzoRAStpcB1yx7T+VMWpzeN2dAkeJP5UINTwdr+p5n8qA1OxbuH7wH92frQGpVd/cT3ra8cikjxZ+6D7gD7mNVyNmGje5m26+Ce7tQOVlbRLEkx1Ck6HVjLBeg5AVGC1NeJmo0rF99JuJA2dekakIIMaZnAn561c9jn0fXR8/wB0kGCCPboetU2N2Yk93b+S+pmAQQfZBP0FEdxy1iaZsS8UYHqQSPn86sW5nn6pod64GQP+IT7x3foK8tx29FuS/V/osw2qt0HOybYCE9TUuAwawzm+b+WgsS7zsR+Lgu3trznEa0niZ2el7Gqku4hEKOgrn5mWDm1XWwlVpplUkLbU28LCW5UtmzeAAUDnwmSNOknlXusJVU6SbOdKjJztEjd3t9UxV65aS047MSzGI1JAHdJg6Hj0rVGSlsKrh6lK2dbjbb/pGw+Eum1ct3CwAbuwdDMe/SlKai7MdPDVKivFaDLD+lXDOwVUuSYiV46SR6w4fSoqrF6E3gqyV2ixbD3pW+4XLAPM6GeWkn51PMmVSoTirss9BUFABQBnu/O0ou3CzRbtIFjWCTDuTHH7gj9Wk3bU14eGZ6blc9EOzy7YjEMxhmUCDEsMzNmB8HX3MaVJaXLcfNaQXIrXpgcDGBRAC2wAsy0ks7ORynMNW1MTwg1KZDDvuFHw10gggxHPn4/CqjSnfQ1/dp8160BoGZR5kfGKtMstma/bGlMxBNACbUwORQAotAGc79XpxDiRCAAidQSitw9jHXx8KrkjdhXFLUx99u3rd57lu6yMWJ0Og5cOB0AE+FVxbNtWMHFLRkjf3+v3UZMQFu6Lk7oHfScrXBwYKSWyxq0ToINuYw9nFPulQuXCSSSSSSSSZJJMkk8zNRJ3Q4wxJIA4nQe/Sk0TjJGp4J5Ijj9f5irNStNWdy/YQ/8AZ7Q6SPgJ+deW/FL7tNe36Bgd2OrGOZRlgRXEwvF6tCn2SSaNU6Ck7jYtNcqUnKTk+ZclYJqICttq0UJtSINEZvvcy4IvzVxEdSrAfGPKvccNm+xZDDwzV0iJ9EwAwztze4YjoNB7dQ3ePGIHq11sNpAhxV/5bdEZjvztIX8beuKQVzZVjhCALx56gnTTWq6msjXhlkpJEbslyLtsj8QHmYPwJqtLUvbvFml7FxWV1YdQfiKvvZmKcM0WbHg7udFbqAauOKxagAoAxHfu4W/SQXAy3bhgEQdSVM+wqfAioTi2tDpYSrCnu9Sm7ub4YjBFuyIdBPcb1M0ABtO9wA0BjQdKINoK6p1He5X9qbSa/ce9cbNcuMWY8vYPADQeApu5WpRSshLBQWGbRZGY9Bz98UrElNbmqbrX5u4dgQO/bPhxGgqyzKZzSjLUuGB33vPlUWgWIB9ZQOAP3gAPOqMTiKeHp9pUeh5rDcTq159nCF37fuPv+sWJ/sze42j/AJ65645gv3eT+x0b4r/1P4x+5428t8ccNc8rf/PUlxvBP9fk/sSvif8A1Py+4m29V7+y3f8A2h/npvjWDX6/J/YkliX/AON+X3FbO8mJPDCkftPaHyJquXHsCv1eT+wZMW9qfxaK3vKRcuNcdAGdbbMJmD2YESI4RWyVd+tB6NJr3o9NwrCUsRh4yqw11v8AEpSbjrdHaKBDZm9dwe60EaiJ8AfbGlQjVrNXujfVwPDac8koyvps+vvED6P2JEKdcsd8feBIGo1OnAdRUu1reBVLA8M6yRG47dLslDurBSEIOYcHzleXRG+HWouvVSu0icOE4GpLLGUr68+lvDxH2z9zmzqVAIzqJzkrOTtQOH4Y95Aqaq1W+RS8DgIrXNtfzt8y3YbZ+QI0ghuEZvwq3MDkwqTrVOpGGAwkm0ou66v+S34rHpZs2QxjMXA4akBTp1/hXB/EFKpWVPLra9/Iz0MMu1lGFlt9Rr/01a6n9015f0SZs9Dq9PM4O37A4v8A+lvyp+hVenmP0Ot080cneTD/AIz+635U/QK3TzF6FW6eaFre8FrlmPu/OpU8JVjIjLBzW9l7yM9IWNa5s5uzR2PaJoASYhgdFnTWPfXsOHU26WUy3WFq559H/BlWF3jxeHttbtm7bVpkZY4iDxGhIgTx05V1YwlFWTKKmKo1JZpRIW/ip1yx4DgANABT7PxF6clyHex732isQYBk6a8NNPbUMjuXekwlC97GhbLW40RauH2Kx+lW9k+pl9NiuRs272bsEzAggRBBB+NWS3OaiSpDCgDCN/MWy3L4GUjtLvFR/WNp4ik6MX1+JtpcQqQsmou3WKZV8Bs5L1sXCcIhJIKuAGHfVcxg6DUnUDRT4Gq+xfKTL/zKL9ahTf8A1/kSxGx4fKBgySt1pVmyRaidcsazpy7rCQRT7KX72L8wo/8Azw8/uePsMrJP6H3SQftBxyZ1GoGraKPFhwBmjsZfvYvzCl/88PP7ln3evm3irNoG0wFy0MyCVIzIe6fh7qsVO36mUVcYpJpU4L2L+Sz7rYiwO4853CgFvVMRCjoZA48dK8x+IqOLlFVIPuR5Lf2v+6HmuBVsJGbpy9eXN7exFjbZ9kd7IoiWnkOZPTxryKxNeXdve56p0KUe9a1ip7Y25hkP2VrtGB9Zi2SYjQE974CvSYPhWLnG9WWVPlZX/g4WK4thoStSjmfW7t/IpewV4Cwlq+FF1wCqKMoDKXZ1JliABzPThT4dCjisRKnUp3tzbd9Ouy8jTiVXp04OnUtmeyStrrdbs72fh76Jce9furHa9mJU/wBGs5mkERJVY4yeVd/8owclZ00c7t8VBSlOo1vbbl1PNr3GYI7cXtWmnTWU1MDhqDUqlNU0oR2SSR7v8O1XVwkJt6vf2lMuMZOvM1kPYJKwg99vxNpw1OkcI6UXZB04dF8BtcxDwRnaDxGYwfaJ1qV2UyhC97L4HmGuHMup4gcTw0qSZVKKtsW7Zp1FWoxz2LBvTYRrOHz8jcI7xXX7PXQisfEqtSGRU+d+V+hy8LCEqtRy5W+pWWuBrhRnLN6wS2wHciQZBzFhzEiOlZpYWpRpRqRhbq5K9n01VkumnvOTxbiWKhUcacrQ5NcxPFY+5ah+1um0Tlks8q3KCdSpOnPUinR7XE9yPr7q20uui0TW+ltLkeE8UWfssSk09m0tPadW8R2pKulzONA3Y3c0xIDgJLKRHeiR4jSr3w/EvScdet156/yd/wBPw0Nac9Oa+1/9Mn938ICuZwynVYdWQr58Dz1HOo0cI6TaqaP+8zzXF8UsRXdneK2+rLJhnFu2wAnXQyOSs0T4gDzrqYJJNpDrNyoQcuhxc2hbBANwCQfvLAKkAgkHjLDyrfJN7MxxaT1RWNu27lxM1nFQQ5UQYUxpkYye+CD3uc++q6kJtd2WpuweIw9Odq1O6fxT6rw8Cp2TtAtAuXNDlJFxMoPQtMCsmXEX5nd7XhNrpR+DuajutbZLYFzEG7caZly0ZdIWTwHMxrWunFxWr1PP4yvTqz/xxtFeZcsAO5T9plHFABQBje+eyRdxF1FRmZnYgLMmTJ09/GstStUjJxiemwfD8HUoRq1tNNXexSRso2HbKz23jK2qHSQ0GQQRoD5VQ8ZUi7NI6Mfw7g6sVKEpWfivqhvcsPmz9q2YAictqYMTPd14D49TT9On0RF/hfD/AL5eX2FMJZxDtFu5eY8YREJEFTMKkjVV8hUo4ypLaPzKan4ewtNXnUaXi4r6Fn3b2I1q9h86XVJe2VzArMMDpIFXKvUuk0YqvDMHGEnCd7J819BTGW2a6yqCWLkADiSWMRHOtFRXjY+SSjJ4iSjvmfzJbe25iVt2lvDIGGoDAl2UDMWjlqNOvw4eC4NTwtSVR6tt5fBfc7fFMXiZ0oQnora67tdfsQuydiPiM5zKiW4NxmPqgySQOcAE6xwrsKNzBhsLKpd7Jbls2LgrVi5hux1F1b0u2rMoyssT6o5wAKnGMYu65nboQjBwy80/74Edidq2DhrYzntbTXB2YBhmzkgueBUEB+OpEexpmLEV6XZJN95X0+/hzHgwgvdiCciDD23uEfdRQZifcBWetHNLwse14BiOywEXFXk3ZLxaRXdsYcOls2sMbZd4tgHM7Iw+zLDMWZnKuZgDu6TWOpG6VonrMJVlCc+1q3steia3tpZJXStdvXUiG2NiC7WxaYuoBYCDAJgd4GNTpx46cah2Ur2tqapY7D5FPOrPRf63EbewMS7rbFlgzMUEiBmX1pP6vPp7akqU27WM9THYeMXLOrJX9z2+PIlbGCwloxHblc2a4WdUlYnswpHcDFUDGczNpAFXKMI+JznWxNV3Xdvst3r1vfW2vgiy7GXD3FFw2+yKGDGZrTnKSO6xLSIkiYganWrYqMtbWMmIlXpvJGWZP3Na2328ESe03WcGcoK9sQAQDoz201HDn8KpcrYujbpP5GGpB9jWT37vzGmL2f22LcY21YFi2jCxkJnv3kVWuQdG4R+0a9EqmSjak3d738F8jhle2Huhau2L63GK4q1euWFulm0IylD2c5SDI0ieEa608XW70cqWVpOySDKrFjTG3V2oLJI7O7h+1Igf0quEJzcfVjSsjhF0M3NO3uZMZNZIs2L7Fi93Kb7sdCzWtCo4KO5BgDiK5vFaV05x/T8r/wAl+Fw1KvWUamxYsBZz2GBJHeGo46hhz8Car4c7xbNnE0o2itloRV2yELK5lmtG2iIVL9nIBMEAkiRygQfAV0JTUfb0OfSoSqK+y6vb4+4gNtbew6E28+crcLaW8yiWJKk5hm9YiR4dDVcsTTi7G2jwbFVYZ7WXixHCXEcC4l1nBZEzZXLIRnAZhmBXR2JJ7sfdqaqRkrozTwdWnNwno0r6814dS97LRWdirlsjFWB4BpYwOA0znWPfxlqSle3IpnSlBJy5q69hbsF6tJkEL0hhQBn+3cOC14HMBdLm6VEv2FoLNtP1ndgtZqsdX47+z+T0OCqtQg1bu2UU9s8m9X4RSuV7H7DtPdYPcPa3LfblgSbVlAFBZy2rAwxHgFA4giiVGLk77tX8EdWhxCtToxcEssXlt+qT10XTlfxu2M727NlrtuynbBnRmYsyZbcBSpuDLocpDMs6ZkWdZpdhHMoq5YuKVo0pVZ5bJpJJO73ulr1Vk/BvwOLuJ7PLaw9q4tokdh3e9iSslrjtpEwCDwCFoAOoea2kVpy8f78ins+0vUrSTl+rXSC5JL4+Lla5N7pLeRVzEkvd9QkZRlaLj9JLHLpxhuJir6OZLU5/EXRnK0eS39uy+Gv9Y22JirdrHB7hAUNcGY8FJzAE9Brx8a1vSx8twtSFPHOU9rv6ku2xBhRirgh8tvtbDtDFGOfMYMgtovejXTxqDja7OmsL2HaTWul4t62FNt45Owv5yq3Ww1oNqAS7LdIUDmfoRTb0L61WPZyzaNxXx1KdidtX2TDpYtuhtWyueNWzqqkrpAGmh8eVQzOySMTxE3GKgmrLcjrWDuBSzKwg94njMxrPjUo7HOrU56tovilRhUzaK6YNHPRC1xm4fs1VWtz8D6DwBSeHp5d0pNe3LFL5jHE7YRlxpS/bFyQtt2hMtssysLJjOQtvugDWWYjiKodRWlZ6/Q78MFOM6Gem8trtLXVfu5avV8rJX2HN+/as28y4m0ws20YHMrM99lyrcZF49mg7lsc+MRNTbUVvt8/45GVQq1qmV05LM3ydlFO9k3+5+s/9EXgsILWFX7U22xYe4912Ba1hQQTBOmdyyDSJNzwFKCtDffW/RFteq6mIfduqdkopaSm/orP3LxIzB7HSEZmuLZYjsbD3ACzes7FgoAVbfeOnrErPWCht05Ivni5Zmkk5L1pJbLkreL09mpccDgUQJaZSVtCHGoDXGHaXdQdQqgCeoUdZvUUtOhzJ15ybqJ6y28EtF8X9Rvt5j2OGYDUNcdY6h0ZQPKuXjaqpV6E3sm7+y6v5GilTdTtoLdpLyZWU2veOJ2i2Es3hdviy1olbYKKpIdmDGCDqBGbXpXsHiMK6NFzmnHXa7v8ABae+x5qrGVJ5ZqzFt4sVfbDYpjhHtdqLNx2NxAUu2ssuoUkn1EjgdJrJRxdF1YRTb1stOvLX2ledXIbZm38bir1u9bRO0sW2ttcIJD5yNSsr3tJgHx6Co8TxWGwEMs3rJ3S22+OhohSqTTcFck9nYe/mH6Q0krbQKNFypJSRAmCzceprgcR4xDERVLDq0Xu3v7Du8O4fk/y1NWtkX7DW3GH7pHeII90+B5VswEMsE+pzuJVFKbXQiNq4Y9k9y4ALqJcCXRrkUiGOgEEAnyNa6sVZu2ttyrA1ZZ40791yV49ehnzYDCGCL0cspZeXU6+GogcY4a83LT6nsJV8UtHD32JLdpLSXhkZWU2ybgUsdc69mIJ48REySfGK00Mqem1v9HG4n2k6aclZp6X9juaVhO0zT3QJ1UGeXXKDNbLq7R5xp6XLTgvVFRYxekAUAZnvjjMruBcuW2GdZQA5keCQTmWDI+NY681fc9VwjDuVNPKpJ2er2avrsyH2dt60EIbE37bLbW2uazYuKyqRlBCiSRH3jMTBqqFaNtZNe5G7E8NquacaUZJtt2lJNPnu7a+C35CGA22rNjO3voXvWwtu4VdbZXMxdCqrmTMCNInideJIVbuWZ7rQMTgZRjQ7Gm1GLvJXTd7Kzu3Z2/thI7ftdlec3M19nA9QjtEyrmCAiEtnKia65UOktFSVWOVu+v8Afh0KpcPq9pCGW0Euuzvz5t6t6aXfRFk2dtjDl1KuzGbYUBMq6KOR4faMzHTio6Cb1UjfQ5dXBYhReZJLVvW7/tkl8SIwuz7d6/dW5dFpRnYM0D/aCBDEcQa1SWlj5fTowrYmanLKtX5+JOvtm0bOJRGHZ2rNu1aLx9owFwcD60wBHh41DNudX0qm6dSMXpFJK/Pcz3GXWdi7kszGSTxJqs4udyeZ7k5h8WBbQFToscbQGiAGCz6cD09lTT0OpTn3Vp8vuOVxvdMFAdYlrZgwYiJ/nzqaFUqaaW+KJLHY0hVgrczWbQuArKFozCBp1BBEcay15WZ7/gFDPhYOb13TTtySKnb2rdtOWQWhrw7KwQfAnLPxmsaqSi7r5I9bLB0ascs3J/8AaX3t5Hu3NtDEE5sNYT8LW+5cHtaYYcdCvlxqU6mfeK9xThsF6Mu7Vk+qeq+HL3MRxm3+0s2bb4dGuWFyW7jM0BREZrfBiAo4mNOHKn2t0k1sVLAdnVnUhUajN3ast/B8jptvXHXDpkUNaOryS1yXFwyZgBjBManrGlSdVtJdCmOBpwlOV3aXLktLeXItVveC68jKi5i0wvNypMEnwHLn7Iu7Vs564bSjZ3btbyHe8B+ysf8AE00gepwrj8YV+z9/0J4Cyq1Pd9SHS/3crTl1HdYqyzxg9DEwenLjXMo1Gu69vl/ehqxWDpV9ZJN+O398Su7U2GGnLjL2U8VdS3/2R8/bXp8FxujRjapTi2uaik/qvgcepwNt3pJL2u692lx7u+UwydmrEycxYgLJPHQExwGkmuJxjEen1u1SsrWsbaPDpUKai3clXxOdlI5Dj4mKwqKjGK5m2hBxTLlslibLeBEeR4V6zATzQS6HmeJ01Gd+o024Ysuc7Jl7xKiSQpkrEHQ8PfW2p6rZjwetaKsnfTXlfn7tzPNo7tKR2oJspmOdWAItrBIYSwOWYAGp1rAqGaOd909QuLSpz7D/AJHbRrm+ml1fxHGwNm22a3+j3Ee0Gm/nXvsRqkAroAdRw58atpwV12eq5nPxuIqJTeJi4zt3LPSz3/k1HDJA0Fa7JHAu2tSewXq1FjQ4pDCgDHt+cO9u5ciCWLsI4au0DXhAEcY9nCqqlKMt0drA46tTj3XoupnjY919fsxxHez/AOTNVCwkHzOm+PYiPJP++0j7u2z+FT4gtHxAPwo9Dj1Y/wD9DW/YvM4t7XY8EHmaPRI9SL49Vf6F5l93eua2zGoKn5Gr40Iow1uKVqiaslc269gbVwfaW0f9pVb5irjzk6VOfrRT9qI+7u1hDxw9v3CPlSsil4HDv9CGzbpYL+zr+8//ADU8qI/l+H/acLulg/7OnvzH5mjKiawVBfpQ8w+7+GUaYe0D+wpPxFBJYWitVBfApe+uCNq4z6RcbQBcpULbRACQdeE8BxqEkuZ1cJJpWhpYyzGXMQhJzmJnk0d4GBPgDVPZQ5o6np2Ij6s2Rp23c/rJ9WO6P1ZjTwNPsKfQj+aYtfq8l9jltruCTnHIAZRyA8Ooo7CHQT4rimrOXkhfZOPuMygt94E6DUSJ5U1Rh0Iy4jiZby8l9jQtmvJHtn5VaoRXIyTxNeSd5Mu62A1m3mUH1okT+H8q81+JamR07O2/0FgJzWZpiB2XaPFfgfoa85DE9ZP4fydL0isuYg2xLJP9H8X/ADqDxdTlLyRYsXWXP5AuwsP/AFY82P1qHplbr8hvFVX+ofYfZtocLa+QPzqVGtOUtWUzr1H+pjTfnF3bOBLWGKP2iAFY4d6RB04V7Lh05Km7GalTjVrWqK6szLX322gnrX/3rVv5hfrXUjVnzZZUwVDlHzYzxO/WLcQzW2HQ21I8jpUnUk9yqOEpxd43XvE8Nvdige4yJP4LVoTHtU0lOS2JvDQl6137Wy74Hb+KaA15vdlX/CBTc31K/RqdtEatuq5OGQkknXUmT7zVzOUyXpCCgDN/SFa+2B8P4/nQ+RtwuzRn+Ow6sCpUGTJnX/SppDm7MreI2QoJiR5H50nEjc9s4JRoBSsNMumwU1A6Uhm3YL+jXWe6uvXSmzAdtQAmaYBQB0tAFO9IqhkH6rfGAPrUZbGvCesZnd0PhBoiaaqILaWyVYzmbiYnXQxpJ1gcuk1JxKLkV/0UqnUyOkRNRsO5JYFAGHt/n2DwouSSLvsQSf59v0oRGStFmiIsW7Y/V+Z/hXlPxH3q0V0XzZLB+q/aJ5a8tkT8Dbc4y1UyR7FRuApb41fh21URGWxCb9XJtW7fVi5/ujKP8R8q97gI2pX6iwq/ySfgZri7UjKeI5jQj2Guiiye5AX9nLJ4/CixG44wuGUEAD+ZHGgepcdiqGI8Kju7Cfdg2bRsK1lsWx+rWlnDY/pCCgCi+kW13kbqD8J/hQ9jZhHq0Z4luWqcWTqoidpp329tNla2GlpdaiTSLXsLRvP6Ut2EtINmzbLBFpA3HKP4DypvcwC5pAJmmAUAdrQBTN6oe3d8Lp9mgAHypS9U0YV2qGcYq3rUYG+tsMtoJCT4/n+VWPYyrchrlVtk0hfBr3hQTSLju6YOvu+A+tOK1K62kGahiMMVS2eqifbFef45Qv8A5ERwk9MozVq8fGq4t2N7RwayskjyojFLY1rocPpKdRXK5ysiC36sZXT/AMMfM6edfQlTUKcV0I4Cd5SKEUlv561ZFmiqrENiU19w+Qpsgj3D2taRJFs3fTKYA4/M6UorvEMTK1Js2zDW8qKvQAeQq9nDFaACgCp+kJR2SE9SPOD9KHsaMM7TMx7YK2tOBqq6kRtEgu0cP9KmylbDewNRUWWItW7veuKo66+dKO5Gv/x2NntqQSJ00jwGUCPn50GALjHpTATze6gQTQB2rUDKxtrAOMK5c65wY5CWYT7wwolqTou00zNMbxNVxZ1qi0Ge0GBt+M/8351aZLalfK61WWjnBKZH886iTReN27Eug6kfP+FWU1rczYqXdsartVwFC/yI/wBa5XFqkVSyy5/Qrwyea5BsK+fVE8x1EeVSMKAHuzLcuPOvTcAoRlUzGXFStEi/SNZEW28GHkVP517CqrxIcOnlqGYdpleq4M6lfUisWwny+VTZQj3CnWo3JouW6lvNetjkWX4EVKl6xnxr/wAdkbNVxxwoAKAKJ6SMe3dsrEZSz9ZJGSOnBqaJwi73RieJ2hiHdltgkAmIWTEmPlSV+Rtk0tyKxONvqSHJVhxUrB8iKG2RzLkK7Lx7m4gJ0LAH30rsebQ0Tde7kuoTwmpLRlNVuUTZbN6TmnRgD8KZlFGegBMtQIEuA/6H60wFEakBGbXVf0e4GYANAEkASCSAJ5mmOLs7mMbUx9pT3nCnx5+NQdkzpxnmjoQOL2xa4B59gb8qd0QsMDtO3PE+RqBIkdk4hWaAZ0+tIk5JGkbnIO1Qk8xVkUzJXmi8bQvZmYz4DpA0+c15Hi+IzOVntp8P5NGHhZCWFw2dSQ0EdRpXLwXDvSaTqRlaS67FtSrkdrDZjB1rkVIuMmpblyfQAagMeYO5BBr0nB6+RqxmrxzIrnpI2oSTbWMqIpYxrneYg+AAn9pa9q5JozYem81zHlxmJvE9mpbX7qE+wEgVVFN7HVnOMdyLxWKvKSHJUjiCAD5EUmmQzod7FxbtcUEzJ+hoSCU9DSd1sRkuoehHzFXQsjDiLyVzZLbggEcDrUjCdUAFAGNekHHG3dvvmkmSPCO4oPsj40pOxsoU8yIPcLfHDYTMt5XEx3hDfcRTI4/cB0nUmpQkiNalJsqO+21reJxd+7bHcaAhiPVyideoU+dOTuyMItKxDYG5lcN0YHyNQJmk4C/rw56e/wDk1JkUjbNnYbIgB4gAHxIABJ8qZkFmpgJ0AFACiUAUrfi8jXVtf1aG8/QkyllfbLXH/uCkWQRj22MG2Ixq2LcZmyqJMCYLGSPbUbXZrTyQPd5dx72Dtdrca2RmAhSx4lwpMgaHI3wpuNitVVJlSciaiTzE9ut/S+1T8x+VCWoN6Gmbv38rA9DViM80XvEMDBHBhmHv4/Ga8Bxyl2OIcFs+8umu/nc6GHlmgOcOO73T4weHh7KuwcP8Vqb03s9vitiM3rqMLh1Ptrg15Zpt+L8TTFaApqkYtaatuCquMrEJop/pYcpZt3BzzKx8YGX4E/uiveYSrnpIhhoLM0VPcDeixhbVxbshmcNMCIGXTr1Nb6ckkQxVGU5JoqW9WJF2+zrqMttZHMraRW+INQm9SynBqNmNdk38jZukf4gD8DUU9SbjdGg7KxHeFWXKHHkbJupiu0w6zxGlTOdNWk0TFBEKAMg9JeAy320BDaiRMyZPxnyqMlc6GFn3LFAxG74Zc+UAdZj4U8pOc1sQuL2Rl6+B4g1NxM9xGxs7Xn8KjYRf9gWiXWBOWCfYupnwqdiLN5HComYTI8KkI4K0gOStMDpBSAznf2Fvu4kMcit+Ei2pKEeP2hHuFNrQtpSV9TI8BtprGL/SVCswZiA0xBkcjxgxVUZWZuq07xsSG9O+r4y0LbJlhlJIbQhA4Ej2uxqxsyqGVlNYa1AmSWyL5W4h93uJI+tAzRtnXo/n+etTRXPRGh7Ou5rKHoSPka8l+KY2dKfPX6F2Cd8yHAuECOXSvMRxM4xyXdjc4K9xMmqnJtJX2GkeCojFkNSpO00J7Fc9JeuDQf75f/juV7rhUv8AG7kKEW6jt0+qMlu7NDHQAHoNJrrpJ7Fsm1uR13ZxGkn31FglcVwmz+vD+fyoSE00WjBBlIOtSbsghDMbN6OzOEzfido9ggVdsjjVXebZaKCsKAKX6Ttm58OLwEm3o0fhPP3H50WuX0aig9djHto40NlUNooGnKY1oldcjVBwlzG2GtOyNdNl+xDBTcg9mSTAGbhx005xThK+xXVSi7N6iWHQZiBrBqVyNi87J2M7KiiYcSVHFp4SekcvGuHi+Jz9I7CktUdHD4el2XaVH7jYMLbKW0U8VUA+4RXYpp5Vm3OLNpybjsdg1MgeXBQAjNAhRPh1oGULf60t1TdtnVfWHVZIzDwnn7KsiRepjeKw4ZiCgJ5EDX4carlDmaqVe2kthK9sgAwV1/npSSLJCbbJXpTykbnljAgMD0qNtSeiVy47EttcuKo1JMCrlGxinNyZqOEVVtqqmQCQSOBOgMeEg14n8VVL1acOib+P+joYGPdbFa8objk00M5mmAtZWteFoZ3mZXOVio+k27cW1Z7koXYsdYDBQFE8jBavZcNot0m31IUcT2VS9r3RQxi7bLB0Y+oTxB5e0eyuhmkmtNOZqzwmm4vXoyJ2hjCWDQJIhh4jQ1ulTi9TkrFzjpYdYDGoi57gHRR1J+n51lr3glk3NmGq9rJ59Eh9gcRdvsttFJdyAoA1MnkOQ8aKff1ZKvXUFanp4n0LsHZww+HtWfwKAT1bix85rQcdu7H9AgoAitu3tAnI+sOo6H21OCItmcbQ3Hw7uXVCJ4rJKGfA8vDhU7J7hdkld2c9y2tm47dkBGUQBHIaCnZCTZAp6PlD5luHL+EifM86LDzMtmysFetEE3mMcBygcgJ0FRaVxX0Lfdvnsw46aj8qhbUlfS5GDbYiSs+APfH900yOYcWtrKTHKQAdQdeoI5HSiwZh6xFIkMRikacx0nReR6E9Z4wfCmRuhHbWAF61mGsAiB+EjX31kxOeKU4bp7dVzNeGlF3hLZ/Mw1kaziXRhqMw8q2Z01m5FHZu+W2pFteYS7THEnpNLNF7M0Rp1YLvLT5CVraCsY5nh40lJMlPuo7X1qnZIzynKWj0LzuXs9nkqCSxyiOnFvoPea5vEcVOGWlS9aXkjZgqFPWrU2XzNIxmzuxS2EHBYYDrxJHhJNcbjXD3NRqx1aVn7goV0209COF49JrytPCVKjtFGxyS3Fr65QCWBJ4gTp7yK24vhU8PSVRyT6pciunXU5WsNu2rnKm27IvZM4TIABInma9dhMDCEVG6uYKlVt3OttXRk7HKrqR3swBBnXga9JRpxhFIxNuUrlKubs2ZlbYX9nT5VcklqOTurMhdqbgpcbOpKMePNT4x1qViDmwwW5FxNBe06ZZn2zVbi+pYqkehbt2dm/ojZlVJPFhbRWI6SBNOMIpaFc5tvcvtpwwBHOoAd0AFAEVj7csamhNDY4anciAw1FwPRh6LhY7/AEei47Dmzb0C8gZpMDm9YB5UCsJpglmYHlQFjs2vEx0k0DEMTgQdQNefjTTE0J28UbamOeg9tFriWhR98N2v0lzdRstwjXo0CJ04GNKeVNWZbGq4PQqeD3Tuhvt0a4qmVtqy5GPLOc0x4AflS7NdCbxNRq2bQeJu812Q9lLeso1sKGQ8ogQR4Gm6aejIQrTpvNF6jb/qdii8nKw/FImPZ9KMlthyrOesjQN1Ld7DKFyiBx4SZ1OopOCbvYrzu25Z8U+ZieXL2Vjq3vYuhsNGwwPIeQrDLDQbu0XqbBMPHIU40EuQnK5yMGszFUx4dQTuoknWlbcXSwByrZToQjsiqU2zprE61vg9LFTEzhKncgefotO4joYWi4HX6NSuMldnjuR0NRe4Ic0hhQA3e1rTuI57GgA7GncAFmi4HfZUrgeotAHDJTEeZaAOctACirQMjNoWJaOX51JMi0Mzh6dwscHBjpTuFj0YIdKLhYVGGilcLCgsUXCw5tW+77Kz1I6lkHoddlVeUncOyoyhcOzoyhc6FunYQrh7XGrIkWLGzU7kTnsKADsKLgHYUALWUgUMYpSAKACgAigAigAoAKAOAKYjyKAPMtABloA9C0ANb9rvGncBLsadxHvYUAHY0AHY0XA6Fqi4C1u3oahIkj3s6hYdw7OnYdw7Oiwrh2dFgFLKRTQhWmAUAFABQAUAFABQAUAFABQAUAFABQAUAEUAEUAeRQByyUwPOzouIOzouMOzouAdnRcQdnRcDpVpDPYoAIoAMtABFAHtABQAUAFABQAUAFABQAUAFABQAUAFABQAUAFABQAUAFABQAUAFABQAUAFABQAUAFABQAUAFABQAUAFABQAUAf/9k=');

-- --------------------------------------------------------

--
-- Estructura de tabla para la tabla `menu`
--

CREATE TABLE `menu` (
  `id` int(11) NOT NULL,
  `nombre` varchar(100) NOT NULL,
  `descripcion` text DEFAULT NULL,
  `precio` decimal(10,2) NOT NULL,
  `categoria_id` int(11) DEFAULT NULL,
  `imagen` varchar(255) DEFAULT NULL,
  `fecha_creacion` timestamp NOT NULL DEFAULT current_timestamp()
) ENGINE=InnoDB DEFAULT CHARSET=utf8mb4 COLLATE=utf8mb4_general_ci;

--
-- Volcado de datos para la tabla `menu`
--

INSERT INTO `menu` (`id`, `nombre`, `descripcion`, `precio`, `categoria_id`, `imagen`, `fecha_creacion`) VALUES
(1, 'americano', 'PAN, SALCHICHA AMERICANA, QUESO FUNDIDO, SALSA DE TOMATE Y MOSTAZA (O DOS SALSAS DE SU PREFERENCIA)', 10500.00, 2, NULL, '2026-03-26 03:51:28'),
(2, 'street', 'PAN, SALCHICHA AMERICANA, QUESO FUNDIDO, TODAS LAS SALSAS, RIPIO, TOCINETA', 14000.00, 2, NULL, '2026-03-26 03:51:28'),
(3, 'odin', 'PAN, CHORIZO DE CERDO, QUESO FUNDIDO, TODAS LAS SALSAS, RIPIO, TOCINETA', 16000.00, 2, NULL, '2026-03-26 03:51:28'),
(4, 'perras', 'PAN, TOCINETA, CON DOBLE QUESO FUNDIDO, TODAS LAS SALSAS, RIPIO\n', 15000.00, 2, NULL, '2026-03-26 03:51:28'),
(5, 'valkiria', 'PAN, SALCHICHA AMERICANA, DOBLE QUESO FUNDIDO, MAICITOS, TODAS LAS SALSAS, RIPIO, TOCINETA\n', 16000.00, 2, NULL, '2026-03-26 03:51:28'),
(6, 'hawaiano', 'PAN, SALCHICHA AMERICANA, DOBLE QUESO FUNDIDO, PIÑA CALADA, TODAS LAS SALSAS, RIPIO, TOCINETA\n', 15000.00, 2, NULL, '2026-03-26 03:51:28'),
(7, 'asgard', 'PAN, SALCHICHA AMERICANA, DOBLE QUESO FUNDIDO, MADURO, TODAS LAS SALSAS, CHICHARRÓN CROCANTE, TOCINETA\n', 16000.00, 2, NULL, '2026-03-26 03:51:28'),
(8, 'pollo', 'PAN, SALCHICHA AMERICANA, POLLO DESMECHADO, TODAS LAS SALSAS, RIPIO, TOCINETA', 17000.00, 2, NULL, '2026-03-26 03:51:28'),
(9, 'carne', 'PAN, SALCHICHA AMERICANA, CARNE DESMECHADA, TODAS LAS SALSAS, RIPIO, TOCINETA', 18000.00, 2, NULL, '2026-03-26 03:51:28'),
(10, 'americana', 'PAN, TOMATE, CARNE, SALSA DE TOMATE. MOSTAZA, PAN CON EL QUESO FUNDIDO', 12500.00, 1, NULL, '2026-03-26 03:51:28'),
(11, 'street', 'PAN, TOMATE, CARNE, CEBOLLA, TODAS LAS SALSAS, RIPIO, TOCINETA, PAN CON EL QUESO FUNDIDO', 17000.00, 1, NULL, '2026-03-26 03:51:28'),
(12, 'thor', 'PAN, TOMATE, DOBLE PORCION DE CHORIZO, CEBOLLA, TODAS LAS SALSAS, RIPIO, TOCINETA, PAN CON EL QUESO FUNDIDO', 18000.00, 1, NULL, '2026-03-26 03:51:28'),
(13, 'freya', 'PAN, TOMATE, FILETE DE POLLO, CEBOLLA, TODAS LAS SALSAS, RIPIO, TOCINETA, PAN CON EL QUESO FUNDIDO', 16000.00, 1, NULL, '2026-03-26 03:51:28'),
(14, 'hawaiana', 'PAN, PIÑA ASADA, CARNE, DOBLE TOCINETA, DOBLE QUESO, SALSA BARBARA', 17000.00, 1, NULL, '2026-03-26 03:51:28'),
(15, 'asgard', 'PAN, TOMATE, MADURO, CARNE, CHICHARRON CROCANTE, CEBOLLA, TODAS LAS SALSAS, TOCINETA, PAN CON EL QUESO FUNDIDO', 21000.00, 1, NULL, '2026-03-26 03:51:28'),
(16, 'doble freya', 'PAN, TOMATE, DOBLE FILETE DE POLLO, CEBOLLA, TODAS LAS SALSAS, RIPIO, DOBLE TOCINETA, PAN CON DOBLE QUESO FUNDIDO\n', 22000.00, 1, NULL, '2026-03-26 03:51:28'),
(17, 'doble sabor', 'PAN, TOMATE, DOBLE CARNE, CEBOLLA, TODAS LAS SALSAS, RIPIO, DOBLE TOCINETA, PAN CON DOBLE QUESO FUNDIDO', 22000.00, 1, NULL, '2026-03-26 03:51:28'),
(18, 'loki', 'PAN, TOMATE, CARNE, FILETE DE POLLO, CEBOLLA, TODAS LAS SALSAS, RIPIO, TOCINETA, PAN CON EL QUESO FUNDIDO', 22000.00, 1, NULL, '2026-03-26 03:51:28'),
(19, 'apolo', 'PAN, TOMATE, CARNE, DOBLE PORCIOS DE CHORIZO, CEBOLLA, TODAS LAS SALSAS, RIPIO, TOCINETA, PAN CON EL QUESO FUNDIDO', 23000.00, 1, NULL, '2026-03-26 03:51:28'),
(20, 'loconcha pollo', 'PAN, TOMATE, POLLO DESMECHADO, CEBOLLA, TODAS LAS SALSAS, RIPIO, TOCINETA, PAN CON EL QUESO FUNDIDO', 16000.00, 1, NULL, '2026-03-26 03:51:28'),
(21, 'loconcha carne', 'PAN, TOMATE, CARNE DESMECHADO, CEBOLLA, TODAS LAS SALSAS, RIPIO, TOCINETA, PAN CON EL QUESO FUNDIDO\n', 17000.00, 1, NULL, '2026-03-26 03:51:28'),
(22, 'fenrir', 'PAN, TOMATE, CARNE, FILETE DE POLLO, CHORIZO, CEBOLLA, RIPIO, TODAS LAS SALSAS, TOCINETA, PAN CON EL QUESO FUNDIDO\n', 28000.00, 1, NULL, '2026-03-26 03:51:28'),
(23, 'chorizo', 'CHORIZO DE CERDO ARTESANAL ACOPAÑADO DE AREPA CON QUESO FUNDIDO\n', 12000.00, 6, NULL, '2026-03-26 03:51:28'),
(24, 'panchorizo', 'CHORIZO DE CERDO DENTRO DE UN PAN FRANCES RELLENO DE SALSAS\n', 12000.00, 6, NULL, '2026-03-26 03:51:28'),
(25, 'choripan', 'CHORIZO DE CERDO ABIERTO EN MARIPOSA BAÑADO EN CHIMICHURRI EN MEDIO DE UN PAN FRANCES GRILLADO', 12000.00, 6, NULL, '2026-03-26 03:51:28'),
(26, 'pollo', 'CHORIZO DE CERDO ABIERTO EN MARIPOSA BAÑADO EN CHIMICHURRI EN MEDIO DE UN PAN FRANCES GRILLADO', 16000.00, 4, NULL, '2026-03-26 03:51:28'),
(27, 'cerdo', 'CHUZO DE CERDO ARTESANAL ACOMPAÑADO DE ENSALADA Y AREPA CON QUESO', 16000.00, 4, NULL, '2026-03-26 03:51:28'),
(28, 'pollo bbq', 'CHUZO DE POLLO ARTESANAL BAÑADO EN BBQ, AREPA CON QUESO Y ENSALADA', 17000.00, 4, NULL, '2026-03-26 03:51:28'),
(29, 'cerdo bbq', 'CHUZO DE CERDO ARTESANAL BAÑADO EN BBQ, AREPA CON QUESO Y ENSALADA\n', 17000.00, 4, NULL, '2026-03-26 03:51:28'),
(30, 'pollo gratinado', 'CHUZO DE POLLO ARTESANAL GRATINADO, AREPA CON QUESO Y ENSALADA\n', 18000.00, 4, NULL, '2026-03-26 03:51:28'),
(31, 'cerdo gratinado', 'CHUZO DE CERDO ARTESANAL GRATINADO, AREPA CON QUESO Y ENSALADA\n', 18000.00, 4, NULL, '2026-03-26 03:51:28'),
(32, 'vegetariano', 'PAN FRANCES, SALSA DE AJO TOMATE LECHUGA, MAICITOS, QUESO (CEBOLLA)\n', 12000.00, 5, NULL, '2026-03-26 03:51:28'),
(33, 'tradicional', 'PAN FRANCES, SALSA DE AJO, TOMATE, LECHUGA, JAMON, SALAMI, QUESO\n', 15000.00, 5, NULL, '2026-03-26 03:51:28'),
(34, 'cubano', 'PAN FRANCES, SALSA DE AJO, TOMATE. LECHUGA, TRES CAPAS DE JAMON, QUESO', 16000.00, 5, NULL, '2026-03-26 03:51:28'),
(35, 'cordero', 'PAN FRANCES, SALSA DE AJO, TOMATE. LECHUGA, JAMON TIPO CORDERO, QUESO', 17000.00, 5, NULL, '2026-03-26 03:51:28'),
(36, 'pollo', 'PAN FRANCES, SALSA DE AJO, TOMATE LECHUGA, POLLO DESMECHADO, QUESO\n', 16000.00, 5, NULL, '2026-03-26 03:51:28'),
(37, 'pollo bbq', 'PAN FRANCES, SALSA DE AJO, TOMATE. LECHUGA, POLLO DESMECHADO EN SALSA BBO, QUESO\n', 17000.00, 5, NULL, '2026-03-26 03:51:28'),
(38, 'ropa vieja', 'PAN FRANCES, SALSA DE AJO, TOMATE. LECHUGA, CARNE DESMECHADA, QUESO\n', 18000.00, 5, NULL, '2026-03-26 03:51:28'),
(39, 'del campo', 'PAN FRANCES, SALSA DE AJO, TOMATE. LECHUGA, TOCINETA, MAICITOS, QUESO', 18000.00, 5, NULL, '2026-03-26 03:51:28'),
(40, 'valhalla', 'PAN FRANCES, SALSA DE AJO, TOMATE. LECHUGA, CARNES DE HAMBURGESA TOCINETA, QUESO', 24000.00, 5, NULL, '2026-03-26 03:51:28'),
(41, 'hawaiano', 'PAN FRANCES, TROZOS DE PIÑA, JAMON, QUESO\n', 14000.00, 5, NULL, '2026-03-26 03:51:28'),
(42, 'sven', 'PAN FRANCES, SALSA DE AJO, TOMATE. LECHUGA, PIÑA CALADA, TOCINETA, POLLO DESMECHADO, QUESO\n', 22000.00, 5, NULL, '2026-03-26 03:51:28'),
(43, 'frigg', 'PAN FRANCES, SALSA DE AJO, TOMATE. LECHUGA, DOBLE FILETE DE POLLO, QUESO\n', 20000.00, 5, NULL, '2026-03-26 03:51:28'),
(44, 'gungnir', 'PAN FRANCES, SALSA DE AJO, TOMATE. LECHUGA, CHORIZO, MADURO, QUESO', 18000.00, 5, NULL, '2026-03-26 03:51:28'),
(45, 'nordico', 'PAN FRANCES, SALSA DE AJO, TOMATE. LECHUGA, CARNE Y POLLO DESMECHADO, QUESO', 22000.00, 5, NULL, '2026-03-26 03:51:28'),
(46, 'solita', 'AREPA ALIÑADA ARTESANAL \n', 1500.00, 3, NULL, '2026-03-26 03:51:28'),
(47, 'con queso', 'AREPA ALIÑADA ARTESANAL CON QUESO FUNDIDO\n', 3000.00, 3, NULL, '2026-03-26 03:51:28'),
(48, 'hawaiana', 'AREPA CON QUESO FUNDIDO, JAMON Y PIÑA CALADA\n', 10000.00, 3, NULL, '2026-03-26 03:51:28'),
(49, 'balder', 'AREPA ARTESANAL CON QUESO FUNDIDO Y CARNE DE HAMBURGUESA\n', 9000.00, 3, NULL, '2026-03-26 03:51:28'),
(50, 'frigg', 'AREPA ARTESANAL CON QUESO FUNDIDO Y FILETE DE POLLO\n', 10000.00, 3, NULL, '2026-03-26 03:51:28'),
(51, 'street', 'AREPA, TOMATE, CARNE, CEBOLLA, TODAS LA SALSAS, RIPIO, TOCINETA, AREPA CON EL QUESO FUNDIDO', 16000.00, 3, NULL, '2026-03-26 03:51:28'),
(52, 'freya', 'AREPA, TOMATE, FILETE DE POLLO, CEBOLLA TODAS LAS SALSAS, RIPIO, TOCINETA, AREPA CON EL QUESO FUNDIDO\n', 16000.00, 3, NULL, '2026-03-26 03:51:28'),
(53, 'sven', 'AREPA ARTESANAL CON QUESO FUNDIDO Y POLLO DEMECHADO\n', 9000.00, 3, NULL, '2026-03-26 03:51:28'),
(54, 'olaf', 'AREPA ARTESANAL CON QUESO FUNDIDO Y CARNE DESMECHADA\n', 10000.00, 3, NULL, '2026-03-26 03:51:28'),
(55, 'loconcha pollo', 'AREPA, TOMATE, POLLO DESMECHADO, CEBOLLA, TODAS LAS SALSAS, RIPIO, TOCINETA, AREPA CON EL QUESO FUNDIDO\n', 16000.00, 3, NULL, '2026-03-26 03:51:28'),
(56, 'loconcha carne', 'AREPA, TOMATE, CARNE DESMECHADA, CEBOLLA, TODAS LAS SALSAS, RIPIO, TOCINETA, AREPA CON EL QUESO FUNDIDO', 17000.00, 3, NULL, '2026-03-26 03:51:28'),
(57, 'Pepsi 400ml', 'Pepsi 400ml', 3500.00, 7, '', '2026-04-16 01:02:24'),
(58, 'Manzana Postobón 400ml', 'Manzana Postobón 400ml', 3500.00, 7, '', '2026-04-16 01:02:24'),
(59, 'Colombiana 400ml', 'Colombiana 400ml', 3500.00, 7, '', '2026-04-16 01:02:24'),
(60, 'Agua 600ml', 'Agua 600ml', 2500.00, 7, '', '2026-04-16 01:02:24'),
(61, 'Agua con gas 600ml', 'Agua con gas 600ml', 3000.00, 7, '', '2026-04-16 01:02:24');

-- --------------------------------------------------------

--
-- Estructura de tabla para la tabla `menu_productos`
--

CREATE TABLE `menu_productos` (
  `id` int(11) NOT NULL,
  `menu_id` int(11) NOT NULL,
  `producto_id` int(11) NOT NULL,
  `cantidad` decimal(10,2) NOT NULL
) ENGINE=InnoDB DEFAULT CHARSET=utf8mb4 COLLATE=utf8mb4_general_ci;

--
-- Volcado de datos para la tabla `menu_productos`
--

INSERT INTO `menu_productos` (`id`, `menu_id`, `producto_id`, `cantidad`) VALUES
(1, 1, 1, 1.00),
(2, 1, 4, 1.00),
(3, 1, 10, 1.00),
(4, 1, 26, 1.00),
(5, 1, 27, 1.00),
(8, 2, 1, 1.00),
(9, 2, 4, 1.00),
(10, 2, 10, 1.00),
(11, 2, 11, 1.00),
(12, 2, 12, 1.00),
(15, 3, 1, 1.00),
(16, 3, 5, 1.00),
(17, 3, 10, 1.00),
(18, 3, 11, 1.00),
(19, 3, 12, 1.00),
(22, 4, 1, 1.00),
(23, 4, 10, 1.00),
(24, 4, 11, 1.00),
(25, 4, 12, 1.00),
(29, 5, 1, 1.00),
(30, 5, 4, 1.00),
(31, 5, 10, 1.00),
(32, 5, 11, 1.00),
(33, 5, 12, 1.00),
(34, 5, 13, 1.00),
(36, 6, 1, 1.00),
(37, 6, 4, 1.00),
(38, 6, 10, 1.00),
(39, 6, 11, 1.00),
(40, 6, 12, 1.00),
(41, 6, 14, 1.00),
(43, 7, 1, 1.00),
(44, 7, 4, 1.00),
(45, 7, 10, 1.00),
(46, 7, 11, 1.00),
(47, 7, 16, 1.00),
(48, 7, 17, 1.00),
(50, 8, 1, 1.00),
(51, 8, 4, 1.00),
(52, 8, 8, 1.00),
(53, 8, 11, 1.00),
(54, 8, 12, 1.00),
(57, 9, 1, 1.00),
(58, 9, 4, 1.00),
(59, 9, 7, 1.00),
(60, 9, 11, 1.00),
(61, 9, 12, 1.00),
(64, 10, 2, 1.00),
(65, 10, 6, 1.00),
(66, 10, 10, 1.00),
(67, 10, 18, 1.00),
(68, 10, 26, 1.00),
(69, 10, 27, 1.00),
(71, 11, 2, 1.00),
(72, 11, 10, 1.00),
(73, 11, 11, 1.00),
(74, 11, 12, 1.00),
(75, 11, 18, 1.00),
(76, 11, 19, 1.00),
(78, 12, 2, 1.00),
(79, 12, 5, 1.00),
(80, 12, 10, 1.00),
(81, 12, 11, 1.00),
(82, 12, 12, 1.00),
(83, 12, 18, 1.00),
(84, 12, 19, 1.00),
(85, 13, 2, 1.00),
(86, 13, 9, 1.00),
(87, 13, 10, 1.00),
(88, 13, 11, 1.00),
(89, 13, 12, 1.00),
(90, 13, 18, 1.00),
(91, 13, 19, 1.00),
(92, 14, 2, 1.00),
(93, 14, 10, 1.00),
(94, 14, 11, 1.00),
(95, 14, 15, 1.00),
(99, 15, 2, 1.00),
(100, 15, 11, 1.00),
(101, 15, 16, 1.00),
(102, 15, 17, 1.00),
(103, 15, 18, 1.00),
(104, 15, 19, 1.00),
(106, 16, 2, 1.00),
(107, 16, 9, 1.00),
(108, 16, 10, 1.00),
(109, 16, 11, 1.00),
(110, 16, 12, 1.00),
(111, 16, 18, 1.00),
(112, 16, 19, 1.00),
(113, 17, 2, 1.00),
(114, 17, 10, 1.00),
(115, 17, 11, 1.00),
(116, 17, 12, 1.00),
(117, 17, 18, 1.00),
(118, 17, 19, 1.00),
(120, 18, 2, 1.00),
(121, 18, 9, 1.00),
(122, 18, 10, 1.00),
(123, 18, 11, 1.00),
(124, 18, 12, 1.00),
(125, 18, 18, 1.00),
(126, 18, 19, 1.00),
(127, 19, 2, 1.00),
(128, 19, 5, 1.00),
(129, 19, 10, 1.00),
(130, 19, 11, 1.00),
(131, 19, 12, 1.00),
(132, 19, 18, 1.00),
(133, 19, 19, 1.00),
(134, 20, 2, 1.00),
(135, 20, 8, 1.00),
(136, 20, 10, 1.00),
(137, 20, 11, 1.00),
(138, 20, 12, 1.00),
(139, 20, 18, 1.00),
(140, 20, 19, 1.00),
(141, 21, 2, 1.00),
(142, 21, 7, 1.00),
(143, 21, 10, 1.00),
(144, 21, 11, 1.00),
(145, 21, 12, 1.00),
(146, 21, 18, 1.00),
(147, 21, 19, 1.00),
(148, 22, 2, 1.00),
(149, 22, 5, 1.00),
(150, 22, 9, 1.00),
(151, 22, 11, 1.00),
(152, 22, 12, 1.00),
(153, 22, 19, 1.00),
(155, 23, 5, 1.00),
(156, 23, 10, 1.00),
(157, 23, 24, 1.00),
(158, 24, 3, 1.00),
(159, 24, 5, 1.00),
(161, 25, 3, 1.00),
(162, 25, 5, 1.00),
(164, 26, 8, 1.00),
(165, 26, 10, 1.00),
(166, 26, 24, 1.00),
(167, 26, 25, 1.00),
(171, 27, 10, 1.00),
(172, 27, 24, 1.00),
(173, 27, 25, 1.00),
(174, 28, 8, 1.00),
(175, 28, 10, 1.00),
(176, 28, 24, 1.00),
(177, 28, 25, 1.00),
(178, 28, 28, 1.00),
(181, 29, 10, 1.00),
(182, 29, 24, 1.00),
(183, 29, 25, 1.00),
(184, 29, 28, 1.00),
(188, 30, 8, 1.00),
(189, 30, 10, 1.00),
(190, 30, 24, 1.00),
(191, 30, 25, 1.00),
(195, 31, 10, 1.00),
(196, 31, 24, 1.00),
(197, 31, 25, 1.00),
(198, 32, 3, 1.00),
(199, 32, 10, 1.00),
(200, 32, 13, 1.00),
(201, 32, 18, 1.00),
(202, 32, 20, 1.00),
(203, 32, 29, 1.00),
(205, 33, 3, 1.00),
(206, 33, 10, 1.00),
(207, 33, 18, 1.00),
(208, 33, 20, 1.00),
(209, 33, 21, 1.00),
(210, 33, 22, 1.00),
(211, 33, 29, 1.00),
(212, 34, 3, 1.00),
(213, 34, 10, 1.00),
(214, 34, 18, 1.00),
(215, 34, 20, 1.00),
(216, 34, 21, 1.00),
(217, 34, 29, 1.00),
(219, 35, 3, 1.00),
(220, 35, 10, 1.00),
(221, 35, 18, 1.00),
(222, 35, 20, 1.00),
(223, 35, 21, 1.00),
(224, 35, 29, 1.00),
(226, 36, 3, 1.00),
(227, 36, 8, 1.00),
(228, 36, 10, 1.00),
(229, 36, 18, 1.00),
(230, 36, 20, 1.00),
(231, 36, 29, 1.00),
(233, 37, 3, 1.00),
(234, 37, 8, 1.00),
(235, 37, 10, 1.00),
(236, 37, 18, 1.00),
(237, 37, 20, 1.00),
(238, 37, 28, 1.00),
(240, 38, 3, 1.00),
(241, 38, 7, 1.00),
(242, 38, 10, 1.00),
(243, 38, 18, 1.00),
(244, 38, 20, 1.00),
(245, 38, 29, 1.00),
(247, 39, 3, 1.00),
(248, 39, 10, 1.00),
(249, 39, 11, 1.00),
(250, 39, 13, 1.00),
(251, 39, 18, 1.00),
(252, 39, 20, 1.00),
(253, 39, 29, 1.00),
(254, 40, 3, 1.00),
(255, 40, 6, 1.00),
(256, 40, 10, 1.00),
(257, 40, 11, 1.00),
(258, 40, 18, 1.00),
(259, 40, 20, 1.00),
(260, 40, 29, 1.00),
(261, 41, 3, 1.00),
(262, 41, 10, 1.00),
(263, 41, 14, 1.00),
(264, 41, 21, 1.00),
(268, 42, 3, 1.00),
(269, 42, 8, 1.00),
(270, 42, 10, 1.00),
(271, 42, 11, 1.00),
(272, 42, 14, 1.00),
(273, 42, 29, 1.00),
(275, 43, 3, 1.00),
(276, 43, 9, 1.00),
(277, 43, 10, 1.00),
(278, 43, 18, 1.00),
(279, 43, 20, 1.00),
(280, 43, 29, 1.00),
(282, 44, 3, 1.00),
(283, 44, 5, 1.00),
(284, 44, 10, 1.00),
(285, 44, 16, 1.00),
(286, 44, 18, 1.00),
(287, 44, 20, 1.00),
(288, 44, 29, 1.00),
(289, 45, 3, 1.00),
(290, 45, 7, 1.00),
(291, 45, 8, 1.00),
(292, 45, 10, 1.00),
(293, 45, 18, 1.00),
(294, 45, 20, 1.00),
(295, 45, 29, 1.00),
(296, 46, 24, 1.00),
(297, 47, 10, 1.00),
(298, 47, 24, 1.00),
(300, 48, 10, 1.00),
(301, 48, 14, 1.00),
(302, 48, 21, 1.00),
(303, 48, 24, 1.00),
(307, 49, 6, 1.00),
(308, 49, 10, 1.00),
(309, 49, 24, 1.00),
(310, 50, 9, 1.00),
(311, 50, 10, 1.00),
(312, 50, 24, 1.00),
(313, 51, 6, 1.00),
(314, 51, 11, 1.00),
(315, 51, 12, 1.00),
(316, 51, 18, 1.00),
(317, 51, 19, 1.00),
(318, 51, 24, 1.00),
(320, 52, 9, 1.00),
(321, 52, 11, 1.00),
(322, 52, 12, 1.00),
(323, 52, 18, 1.00),
(324, 52, 19, 1.00),
(325, 52, 24, 1.00),
(327, 53, 8, 1.00),
(328, 53, 10, 1.00),
(329, 53, 24, 1.00),
(330, 54, 7, 1.00),
(331, 54, 10, 1.00),
(332, 54, 24, 1.00);

-- --------------------------------------------------------

--
-- Estructura de tabla para la tabla `movimientos_productos`
--

CREATE TABLE `movimientos_productos` (
  `id` int(11) NOT NULL,
  `producto_id` int(11) NOT NULL,
  `tipo` enum('ENTRADA','SALIDA') NOT NULL,
  `cantidad` int(11) NOT NULL,
  `motivo` varchar(255) DEFAULT NULL,
  `fecha` timestamp NOT NULL DEFAULT current_timestamp()
) ENGINE=InnoDB DEFAULT CHARSET=utf8mb4 COLLATE=utf8mb4_general_ci;

--
-- Volcado de datos para la tabla `movimientos_productos`
--

INSERT INTO `movimientos_productos` (`id`, `producto_id`, `tipo`, `cantidad`, `motivo`, `fecha`) VALUES
(11, 2, 'ENTRADA', 50, 'Edición manual', '2026-03-26 03:33:41'),
(12, 2, 'SALIDA', 40, 'Edición manual', '2026-03-26 03:33:52'),
(13, 35, 'ENTRADA', 8, 'Edición manual', '2026-03-26 18:48:58'),
(14, 34, 'ENTRADA', 2, 'Edición manual', '2026-04-09 01:17:45'),
(15, 9, 'SALIDA', 90, 'Edición manual', '2026-04-09 01:22:10'),
(16, 2, 'ENTRADA', 40, 'Edición manual', '2026-04-10 02:32:02'),
(17, 2, 'ENTRADA', 9, 'Edición manual', '2026-04-10 02:32:09'),
(18, 2, 'SALIDA', 16, 'Edición manual', '2026-04-10 02:32:16'),
(19, 2, 'SALIDA', 1, 'Edición manual', '2026-04-10 02:32:24'),
(20, 2, 'ENTRADA', 10, 'Edición manual', '2026-04-10 02:32:32'),
(67, 1, 'SALIDA', 17, 'Edición manual', '2026-04-10 01:43:31'),
(68, 1, 'ENTRADA', 45, 'Edición manual', '2026-04-13 13:36:31'),
(69, 1, 'SALIDA', 61, 'Edición manual', '2026-04-09 08:14:31'),
(70, 1, 'SALIDA', 45, 'Edición manual', '2026-04-12 18:07:31'),
(71, 1, 'SALIDA', 17, 'Edición manual', '2026-04-11 10:45:31'),
(72, 2, 'ENTRADA', 37, 'Edición manual', '2026-04-15 17:33:31'),
(73, 2, 'ENTRADA', 88, 'Edición manual', '2026-04-14 08:19:31'),
(74, 2, 'ENTRADA', 53, 'Edición manual', '2026-04-14 14:06:31'),
(75, 2, 'SALIDA', 22, 'Edición manual', '2026-04-11 15:38:31'),
(76, 2, 'SALIDA', 64, 'Edición manual', '2026-04-15 09:57:31'),
(77, 3, 'ENTRADA', 7, 'Edición manual', '2026-04-16 01:07:31'),
(78, 3, 'ENTRADA', 65, 'Edición manual', '2026-04-13 22:37:31'),
(79, 3, 'SALIDA', 74, 'Edición manual', '2026-04-12 14:24:31'),
(80, 3, 'SALIDA', 74, 'Edición manual', '2026-04-14 13:54:31'),
(81, 3, 'SALIDA', 65, 'Edición manual', '2026-04-10 18:09:31'),
(82, 4, 'ENTRADA', 71, 'Edición manual', '2026-04-10 10:12:31'),
(83, 4, 'ENTRADA', 48, 'Edición manual', '2026-04-13 12:26:31'),
(84, 4, 'ENTRADA', 41, 'Edición manual', '2026-04-09 20:39:31'),
(85, 4, 'ENTRADA', 95, 'Edición manual', '2026-04-10 02:31:31'),
(86, 4, 'ENTRADA', 25, 'Edición manual', '2026-04-15 04:55:31'),
(87, 5, 'SALIDA', 71, 'Edición manual', '2026-04-10 11:14:31'),
(88, 5, 'ENTRADA', 99, 'Edición manual', '2026-04-13 03:39:31'),
(89, 5, 'ENTRADA', 42, 'Edición manual', '2026-04-13 17:06:31'),
(90, 5, 'ENTRADA', 40, 'Edición manual', '2026-04-14 02:49:31'),
(91, 5, 'ENTRADA', 67, 'Edición manual', '2026-04-10 07:26:31'),
(92, 6, 'SALIDA', 21, 'Edición manual', '2026-04-10 22:38:31'),
(93, 6, 'ENTRADA', 47, 'Edición manual', '2026-04-13 20:57:31'),
(94, 6, 'SALIDA', 14, 'Edición manual', '2026-04-14 14:13:31'),
(95, 6, 'SALIDA', 56, 'Edición manual', '2026-04-12 21:49:31'),
(96, 6, 'ENTRADA', 37, 'Edición manual', '2026-04-14 04:07:31'),
(97, 7, 'SALIDA', 20, 'Edición manual', '2026-04-15 23:59:31'),
(98, 7, 'SALIDA', 52, 'Edición manual', '2026-04-13 18:36:31'),
(99, 7, 'ENTRADA', 37, 'Edición manual', '2026-04-09 04:38:31'),
(100, 7, 'ENTRADA', 32, 'Edición manual', '2026-04-14 21:46:31'),
(101, 7, 'SALIDA', 49, 'Edición manual', '2026-04-15 05:55:31'),
(102, 8, 'SALIDA', 24, 'Edición manual', '2026-04-09 23:26:31'),
(103, 8, 'SALIDA', 30, 'Edición manual', '2026-04-14 23:09:31'),
(104, 8, 'SALIDA', 50, 'Edición manual', '2026-04-09 13:31:31'),
(105, 8, 'SALIDA', 30, 'Edición manual', '2026-04-15 06:21:31'),
(106, 8, 'SALIDA', 39, 'Edición manual', '2026-04-10 02:43:31'),
(107, 9, 'SALIDA', 34, 'Edición manual', '2026-04-14 19:30:31'),
(108, 9, 'SALIDA', 52, 'Edición manual', '2026-04-11 04:39:31'),
(109, 9, 'ENTRADA', 70, 'Edición manual', '2026-04-11 04:25:31'),
(110, 9, 'ENTRADA', 71, 'Edición manual', '2026-04-14 21:59:31'),
(111, 9, 'SALIDA', 22, 'Edición manual', '2026-04-12 18:19:31'),
(112, 10, 'SALIDA', 98, 'Edición manual', '2026-04-11 12:27:31'),
(113, 10, 'ENTRADA', 13, 'Edición manual', '2026-04-11 08:13:31'),
(114, 10, 'SALIDA', 47, 'Edición manual', '2026-04-11 13:11:31'),
(115, 10, 'SALIDA', 54, 'Edición manual', '2026-04-13 13:43:31'),
(116, 10, 'SALIDA', 60, 'Edición manual', '2026-04-09 11:41:31'),
(117, 11, 'SALIDA', 15, 'Edición manual', '2026-04-10 17:29:31'),
(118, 11, 'ENTRADA', 12, 'Edición manual', '2026-04-12 02:35:31'),
(119, 11, 'ENTRADA', 15, 'Edición manual', '2026-04-13 18:33:31'),
(120, 11, 'ENTRADA', 53, 'Edición manual', '2026-04-15 09:43:31'),
(121, 11, 'ENTRADA', 19, 'Edición manual', '2026-04-15 19:16:31'),
(122, 12, 'SALIDA', 74, 'Edición manual', '2026-04-14 20:47:31'),
(123, 12, 'ENTRADA', 71, 'Edición manual', '2026-04-11 18:36:31'),
(124, 12, 'ENTRADA', 47, 'Edición manual', '2026-04-12 03:47:31'),
(125, 12, 'ENTRADA', 20, 'Edición manual', '2026-04-13 22:24:31'),
(126, 12, 'SALIDA', 41, 'Edición manual', '2026-04-12 01:49:31'),
(127, 13, 'SALIDA', 65, 'Edición manual', '2026-04-13 11:59:31'),
(128, 13, 'ENTRADA', 55, 'Edición manual', '2026-04-13 03:23:31'),
(129, 13, 'ENTRADA', 97, 'Edición manual', '2026-04-13 02:22:31'),
(130, 13, 'ENTRADA', 75, 'Edición manual', '2026-04-13 16:09:31'),
(131, 13, 'ENTRADA', 31, 'Edición manual', '2026-04-12 11:29:31'),
(132, 14, 'SALIDA', 39, 'Edición manual', '2026-04-15 21:06:31'),
(133, 14, 'SALIDA', 55, 'Edición manual', '2026-04-11 01:07:31'),
(134, 14, 'ENTRADA', 47, 'Edición manual', '2026-04-12 15:36:31'),
(135, 14, 'SALIDA', 58, 'Edición manual', '2026-04-14 20:36:31'),
(136, 14, 'ENTRADA', 8, 'Edición manual', '2026-04-12 23:54:31'),
(137, 15, 'ENTRADA', 99, 'Edición manual', '2026-04-10 02:39:31'),
(138, 15, 'SALIDA', 71, 'Edición manual', '2026-04-14 22:00:31'),
(139, 15, 'ENTRADA', 63, 'Edición manual', '2026-04-15 07:36:31'),
(140, 15, 'SALIDA', 53, 'Edición manual', '2026-04-09 21:58:31'),
(141, 15, 'SALIDA', 18, 'Edición manual', '2026-04-13 17:24:31'),
(142, 16, 'ENTRADA', 40, 'Edición manual', '2026-04-13 09:50:31'),
(143, 16, 'SALIDA', 11, 'Edición manual', '2026-04-14 06:43:31'),
(144, 16, 'ENTRADA', 75, 'Edición manual', '2026-04-09 13:17:31'),
(145, 16, 'SALIDA', 96, 'Edición manual', '2026-04-13 04:43:31'),
(146, 16, 'SALIDA', 35, 'Edición manual', '2026-04-11 14:47:31'),
(147, 17, 'SALIDA', 90, 'Edición manual', '2026-04-09 22:15:31'),
(148, 17, 'ENTRADA', 69, 'Edición manual', '2026-04-11 01:20:31'),
(149, 17, 'ENTRADA', 31, 'Edición manual', '2026-04-14 17:08:31'),
(150, 17, 'ENTRADA', 44, 'Edición manual', '2026-04-12 21:34:31'),
(151, 17, 'SALIDA', 79, 'Edición manual', '2026-04-12 00:48:31'),
(152, 18, 'SALIDA', 65, 'Edición manual', '2026-04-14 18:19:31'),
(153, 18, 'SALIDA', 96, 'Edición manual', '2026-04-11 20:54:31'),
(154, 18, 'SALIDA', 39, 'Edición manual', '2026-04-11 23:34:31'),
(155, 18, 'SALIDA', 62, 'Edición manual', '2026-04-11 13:31:31'),
(156, 18, 'SALIDA', 22, 'Edición manual', '2026-04-10 19:59:31'),
(157, 19, 'ENTRADA', 42, 'Edición manual', '2026-04-10 16:12:31'),
(158, 19, 'SALIDA', 93, 'Edición manual', '2026-04-11 15:51:31'),
(159, 19, 'ENTRADA', 12, 'Edición manual', '2026-04-12 19:18:31'),
(160, 19, 'SALIDA', 74, 'Edición manual', '2026-04-09 07:19:31'),
(161, 19, 'ENTRADA', 19, 'Edición manual', '2026-04-11 07:00:31'),
(162, 20, 'SALIDA', 30, 'Edición manual', '2026-04-09 23:33:31'),
(163, 20, 'ENTRADA', 83, 'Edición manual', '2026-04-11 11:55:31'),
(164, 20, 'SALIDA', 26, 'Edición manual', '2026-04-11 16:53:31'),
(165, 20, 'ENTRADA', 88, 'Edición manual', '2026-04-11 10:54:31'),
(166, 20, 'SALIDA', 17, 'Edición manual', '2026-04-14 10:35:31'),
(167, 21, 'ENTRADA', 17, 'Edición manual', '2026-04-12 06:20:31'),
(168, 21, 'SALIDA', 71, 'Edición manual', '2026-04-13 17:09:31'),
(169, 21, 'ENTRADA', 65, 'Edición manual', '2026-04-15 17:24:31'),
(170, 21, 'SALIDA', 85, 'Edición manual', '2026-04-15 06:03:31'),
(171, 21, 'ENTRADA', 49, 'Edición manual', '2026-04-15 20:16:31'),
(172, 22, 'SALIDA', 86, 'Edición manual', '2026-04-10 10:29:31'),
(173, 22, 'SALIDA', 50, 'Edición manual', '2026-04-11 14:24:31'),
(174, 22, 'SALIDA', 24, 'Edición manual', '2026-04-10 13:55:31'),
(175, 22, 'SALIDA', 32, 'Edición manual', '2026-04-13 08:23:31'),
(176, 22, 'SALIDA', 77, 'Edición manual', '2026-04-11 23:36:31'),
(177, 23, 'SALIDA', 66, 'Edición manual', '2026-04-12 08:09:31'),
(178, 23, 'ENTRADA', 31, 'Edición manual', '2026-04-12 09:16:31'),
(179, 23, 'SALIDA', 52, 'Edición manual', '2026-04-09 05:28:31'),
(180, 23, 'ENTRADA', 31, 'Edición manual', '2026-04-12 11:32:31'),
(181, 23, 'SALIDA', 47, 'Edición manual', '2026-04-15 20:04:31'),
(182, 24, 'SALIDA', 77, 'Edición manual', '2026-04-11 03:06:31'),
(183, 24, 'SALIDA', 36, 'Edición manual', '2026-04-12 21:33:31'),
(184, 24, 'SALIDA', 85, 'Edición manual', '2026-04-13 02:08:31'),
(185, 24, 'ENTRADA', 74, 'Edición manual', '2026-04-09 23:07:31'),
(186, 24, 'ENTRADA', 18, 'Edición manual', '2026-04-10 10:04:31'),
(187, 25, 'SALIDA', 30, 'Edición manual', '2026-04-15 06:23:31'),
(188, 25, 'SALIDA', 59, 'Edición manual', '2026-04-13 17:39:31'),
(189, 25, 'SALIDA', 11, 'Edición manual', '2026-04-13 00:08:31'),
(190, 25, 'ENTRADA', 40, 'Edición manual', '2026-04-09 18:14:31'),
(191, 25, 'SALIDA', 64, 'Edición manual', '2026-04-11 01:24:31'),
(192, 26, 'ENTRADA', 58, 'Edición manual', '2026-04-14 18:12:31'),
(193, 26, 'ENTRADA', 59, 'Edición manual', '2026-04-09 08:00:31'),
(194, 26, 'SALIDA', 89, 'Edición manual', '2026-04-11 04:47:31'),
(195, 26, 'ENTRADA', 71, 'Edición manual', '2026-04-10 14:54:31'),
(196, 26, 'ENTRADA', 48, 'Edición manual', '2026-04-12 03:52:31'),
(197, 27, 'SALIDA', 37, 'Edición manual', '2026-04-12 16:37:31'),
(198, 27, 'SALIDA', 17, 'Edición manual', '2026-04-12 00:55:31'),
(199, 27, 'ENTRADA', 37, 'Edición manual', '2026-04-13 08:27:31'),
(200, 27, 'SALIDA', 38, 'Edición manual', '2026-04-11 05:35:31'),
(201, 27, 'SALIDA', 73, 'Edición manual', '2026-04-13 01:14:31'),
(202, 28, 'SALIDA', 53, 'Edición manual', '2026-04-09 04:17:31'),
(203, 28, 'SALIDA', 59, 'Edición manual', '2026-04-11 12:06:31'),
(204, 28, 'SALIDA', 13, 'Edición manual', '2026-04-10 08:57:31'),
(205, 28, 'ENTRADA', 94, 'Edición manual', '2026-04-11 15:56:31'),
(206, 28, 'ENTRADA', 63, 'Edición manual', '2026-04-15 01:26:31'),
(207, 29, 'SALIDA', 14, 'Edición manual', '2026-04-10 05:22:31'),
(208, 29, 'SALIDA', 55, 'Edición manual', '2026-04-14 14:25:31'),
(209, 29, 'SALIDA', 16, 'Edición manual', '2026-04-12 22:55:31'),
(210, 29, 'ENTRADA', 15, 'Edición manual', '2026-04-09 18:05:31'),
(211, 29, 'SALIDA', 8, 'Edición manual', '2026-04-15 16:31:31'),
(212, 30, 'ENTRADA', 47, 'Edición manual', '2026-04-11 21:22:31'),
(213, 30, 'SALIDA', 73, 'Edición manual', '2026-04-15 23:40:31'),
(214, 30, 'ENTRADA', 84, 'Edición manual', '2026-04-11 05:48:31'),
(215, 30, 'ENTRADA', 82, 'Edición manual', '2026-04-14 07:58:31'),
(216, 30, 'SALIDA', 41, 'Edición manual', '2026-04-11 01:29:31'),
(217, 31, 'SALIDA', 52, 'Edición manual', '2026-04-14 05:44:31'),
(218, 31, 'SALIDA', 79, 'Edición manual', '2026-04-10 16:21:31'),
(219, 31, 'ENTRADA', 78, 'Edición manual', '2026-04-15 08:27:31'),
(220, 31, 'SALIDA', 40, 'Edición manual', '2026-04-11 21:07:31'),
(221, 31, 'SALIDA', 93, 'Edición manual', '2026-04-12 06:40:31'),
(222, 32, 'ENTRADA', 61, 'Edición manual', '2026-04-11 17:14:31'),
(223, 32, 'SALIDA', 99, 'Edición manual', '2026-04-15 23:40:31'),
(224, 32, 'ENTRADA', 39, 'Edición manual', '2026-04-15 03:30:31'),
(225, 32, 'SALIDA', 59, 'Edición manual', '2026-04-15 16:15:31'),
(226, 32, 'SALIDA', 11, 'Edición manual', '2026-04-09 10:49:31'),
(227, 34, 'ENTRADA', 70, 'Edición manual', '2026-04-09 13:05:31'),
(228, 34, 'SALIDA', 29, 'Edición manual', '2026-04-09 10:37:31'),
(229, 34, 'ENTRADA', 39, 'Edición manual', '2026-04-15 13:48:31'),
(230, 34, 'ENTRADA', 66, 'Edición manual', '2026-04-12 11:40:31'),
(231, 34, 'SALIDA', 89, 'Edición manual', '2026-04-15 06:22:31'),
(232, 35, 'SALIDA', 41, 'Edición manual', '2026-04-09 12:10:31'),
(233, 35, 'SALIDA', 52, 'Edición manual', '2026-04-14 00:48:31'),
(234, 35, 'SALIDA', 12, 'Edición manual', '2026-04-14 07:51:31'),
(235, 35, 'ENTRADA', 21, 'Edición manual', '2026-04-10 01:47:31'),
(236, 35, 'ENTRADA', 85, 'Edición manual', '2026-04-11 18:12:31'),
(237, 36, 'ENTRADA', 16, 'Edición manual', '2026-04-10 01:37:31'),
(238, 36, 'SALIDA', 56, 'Edición manual', '2026-04-12 04:09:31'),
(239, 36, 'SALIDA', 63, 'Edición manual', '2026-04-11 01:21:31'),
(240, 36, 'ENTRADA', 44, 'Edición manual', '2026-04-11 01:31:31'),
(241, 36, 'ENTRADA', 51, 'Edición manual', '2026-04-10 00:32:31'),
(322, 2, 'SALIDA', 1, 'Pedido #13', '2026-04-16 05:23:35'),
(323, 5, 'SALIDA', 1, 'Pedido #13', '2026-04-16 05:23:35'),
(324, 10, 'SALIDA', 1, 'Pedido #13', '2026-04-16 05:23:35'),
(325, 11, 'SALIDA', 1, 'Pedido #13', '2026-04-16 05:23:35'),
(326, 12, 'SALIDA', 1, 'Pedido #13', '2026-04-16 05:23:35'),
(327, 18, 'SALIDA', 1, 'Pedido #13', '2026-04-16 05:23:35'),
(328, 19, 'SALIDA', 1, 'Pedido #13', '2026-04-16 05:23:35'),
(329, 2, 'SALIDA', 1, 'Pedido #13', '2026-04-16 05:23:35'),
(330, 11, 'SALIDA', 1, 'Pedido #13', '2026-04-16 05:23:35'),
(331, 16, 'SALIDA', 1, 'Pedido #13', '2026-04-16 05:23:35'),
(332, 17, 'SALIDA', 1, 'Pedido #13', '2026-04-16 05:23:35'),
(333, 18, 'SALIDA', 1, 'Pedido #13', '2026-04-16 05:23:35'),
(334, 19, 'SALIDA', 1, 'Pedido #13', '2026-04-16 05:23:35');

-- --------------------------------------------------------

--
-- Estructura de tabla para la tabla `pedidos`
--

CREATE TABLE `pedidos` (
  `id` int(11) NOT NULL,
  `numero_pedido` varchar(30) NOT NULL,
  `cliente_nombre` varchar(120) DEFAULT NULL,
  `cliente_telefono` varchar(30) DEFAULT NULL,
  `tipo_servicio` varchar(30) NOT NULL,
  `estado` varchar(30) NOT NULL DEFAULT 'pendiente',
  `subtotal` decimal(10,2) NOT NULL DEFAULT 0.00,
  `total_adiciones` decimal(10,2) NOT NULL DEFAULT 0.00,
  `total` decimal(10,2) NOT NULL DEFAULT 0.00,
  `recibo_json` longtext DEFAULT NULL,
  `recibo_texto` longtext DEFAULT NULL,
  `fecha_creacion` timestamp NOT NULL DEFAULT current_timestamp(),
  `fecha_actualizacion` timestamp NOT NULL DEFAULT current_timestamp() ON UPDATE current_timestamp()
) ENGINE=InnoDB DEFAULT CHARSET=utf8mb4 COLLATE=utf8mb4_general_ci;

--
-- Volcado de datos para la tabla `pedidos`
--

INSERT INTO `pedidos` (`id`, `numero_pedido`, `cliente_nombre`, `cliente_telefono`, `tipo_servicio`, `estado`, `subtotal`, `total_adiciones`, `total`, `recibo_json`, `recibo_texto`, `fecha_creacion`, `fecha_actualizacion`) VALUES
(2, 'PED-1775789555082', NULL, NULL, 'llevar', 'pendiente', 53000.00, 2300.00, 55300.00, '{\"numero_pedido\":\"PED-1775789555082\",\"cliente_nombre\":\"\",\"cliente_telefono\":\"\",\"tipo_servicio\":\"llevar\",\"estado\":\"pendiente\",\"subtotal\":53000,\"total_adiciones\":2300,\"total\":55300,\"items\":[{\"menu_id\":10,\"nombre_menu_snapshot\":\"americana\",\"precio_unitario\":12500,\"cantidad\":2,\"adiciones\":[],\"remociones\":[],\"subtotal_base\":25000,\"subtotal_adiciones\":0,\"subtotal_final\":25000},{\"menu_id\":22,\"nombre_menu_snapshot\":\"fenrir\",\"precio_unitario\":28000,\"cantidad\":1,\"adiciones\":[{\"producto_id\":10,\"nombre_producto_snapshot\":\"Queso\",\"precio_unitario\":800,\"cantidad_por_unidad\":1,\"cantidad_total\":1,\"subtotal\":800},{\"producto_id\":16,\"nombre_producto_snapshot\":\"Maduro\",\"precio_unitario\":1500,\"cantidad_por_unidad\":1,\"cantidad_total\":1,\"subtotal\":1500}],\"remociones\":[{\"producto_id\":19,\"nombre_producto_snapshot\":\"Cebolla\"}],\"subtotal_base\":28000,\"subtotal_adiciones\":2300,\"subtotal_final\":30300}]}', 'Pedido PED-1775789555082\nCliente: Sin nombre\nTelefono: Sin telefono\nServicio: llevar\nEstado: pendiente\nTotal: 55300\n1. undefined x2 - 25000\n2. undefined x1 - 30300\n   + undefined x1 - 800\n   + undefined x1 - 1500\n   - Sin undefined', '2026-04-10 02:52:35', '2026-04-10 02:52:35'),
(7, 'PED-1775867876870', NULL, NULL, 'llevar', 'pendiente', 61500.00, 0.00, 61500.00, '{\"numero_pedido\":\"PED-1775867876870\",\"cliente_nombre\":\"\",\"cliente_telefono\":\"\",\"tipo_servicio\":\"llevar\",\"estado\":\"pendiente\",\"subtotal\":61500,\"total_adiciones\":0,\"total\":61500,\"items\":[{\"menu_id\":10,\"nombre_menu_snapshot\":\"americana\",\"precio_unitario\":12500,\"cantidad\":1,\"adiciones\":[],\"remociones\":[],\"subtotal_base\":12500,\"subtotal_adiciones\":0,\"subtotal_final\":12500},{\"menu_id\":15,\"nombre_menu_snapshot\":\"asgard\",\"precio_unitario\":21000,\"cantidad\":1,\"adiciones\":[],\"remociones\":[],\"subtotal_base\":21000,\"subtotal_adiciones\":0,\"subtotal_final\":21000},{\"menu_id\":22,\"nombre_menu_snapshot\":\"fenrir\",\"precio_unitario\":28000,\"cantidad\":1,\"adiciones\":[],\"remociones\":[],\"subtotal_base\":28000,\"subtotal_adiciones\":0,\"subtotal_final\":28000}]}', 'Pedido PED-1775867876870\nCliente: Sin nombre\nTelefono: Sin telefono\nServicio: llevar\nEstado: pendiente\nTotal: 61500\n1. undefined x1 - 12500\n2. undefined x1 - 21000\n3. undefined x1 - 28000', '2026-04-11 00:37:56', '2026-04-11 00:37:56'),
(8, 'PED-1776306232660', 'Valeria', '3201425361', 'comer aqui', 'en_preparacion', 35500.00, 0.00, 35500.00, '{\"numero_pedido\":\"PED-1776306232660\",\"cliente_nombre\":\"Valeria\",\"cliente_telefono\":\"3201425361\",\"tipo_servicio\":\"comer aqui\",\"estado\":\"pendiente\",\"subtotal\":35500,\"total_adiciones\":0,\"total\":35500,\"items\":[{\"menu_id\":10,\"nombre_menu_snapshot\":\"americana\",\"precio_unitario\":12500,\"cantidad\":1,\"adiciones\":[],\"remociones\":[],\"subtotal_base\":12500,\"subtotal_adiciones\":0,\"subtotal_final\":12500},{\"menu_id\":27,\"nombre_menu_snapshot\":\"cerdo\",\"precio_unitario\":16000,\"cantidad\":1,\"adiciones\":[],\"remociones\":[],\"subtotal_base\":16000,\"subtotal_adiciones\":0,\"subtotal_final\":16000},{\"menu_id\":59,\"nombre_menu_snapshot\":\"Colombiana 400ml\",\"precio_unitario\":3500,\"cantidad\":2,\"adiciones\":[],\"remociones\":[],\"subtotal_base\":7000,\"subtotal_adiciones\":0,\"subtotal_final\":7000}]}', 'Pedido PED-1776306232660\nCliente: Valeria\nTelefono: 3201425361\nServicio: comer aqui\nEstado: pendiente\nTotal: 35500\n1. undefined x1 - 12500\n2. undefined x1 - 16000\n3. undefined x2 - 7000', '2026-04-16 02:23:52', '2026-04-16 04:01:34'),
(9, 'PED-1776307659323', 'michael', '3215466621', 'comer aqui', 'completado', 48000.00, 0.00, 48000.00, '{\"numero_pedido\":\"PED-1776307659323\",\"cliente_nombre\":\"michael\",\"cliente_telefono\":\"3215466621\",\"tipo_servicio\":\"comer aqui\",\"estado\":\"pendiente\",\"subtotal\":48000,\"total_adiciones\":0,\"total\":48000,\"items\":[{\"menu_id\":35,\"nombre_menu_snapshot\":\"cordero\",\"precio_unitario\":17000,\"cantidad\":2,\"adiciones\":[],\"remociones\":[],\"subtotal_base\":34000,\"subtotal_adiciones\":0,\"subtotal_final\":34000},{\"menu_id\":59,\"nombre_menu_snapshot\":\"Colombiana 400ml\",\"precio_unitario\":3500,\"cantidad\":2,\"adiciones\":[],\"remociones\":[],\"subtotal_base\":7000,\"subtotal_adiciones\":0,\"subtotal_final\":7000},{\"menu_id\":58,\"nombre_menu_snapshot\":\"Manzana Postobón 400ml\",\"precio_unitario\":3500,\"cantidad\":1,\"adiciones\":[],\"remociones\":[],\"subtotal_base\":3500,\"subtotal_adiciones\":0,\"subtotal_final\":3500},{\"menu_id\":57,\"nombre_menu_snapshot\":\"Pepsi 400ml\",\"precio_unitario\":3500,\"cantidad\":1,\"adiciones\":[],\"remociones\":[],\"subtotal_base\":3500,\"subtotal_adiciones\":0,\"subtotal_final\":3500}]}', 'Pedido PED-1776307659323\nCliente: michael\nTelefono: 3215466621\nServicio: comer aqui\nEstado: pendiente\nTotal: 48000\n1. undefined x2 - 34000\n2. undefined x2 - 7000\n3. undefined x1 - 3500\n4. undefined x1 - 3500', '2026-04-16 02:47:39', '2026-04-16 04:11:14'),
(10, 'PED-1776312347481', 'carmen', '3201172322', 'llevar', 'completado', 38000.00, 0.00, 38000.00, '{\"numero_pedido\":\"PED-1776312347481\",\"cliente_nombre\":\"carmen\",\"cliente_telefono\":\"3201172322\",\"tipo_servicio\":\"llevar\",\"estado\":\"pendiente\",\"subtotal\":38000,\"total_adiciones\":0,\"total\":38000,\"items\":[{\"menu_id\":19,\"nombre_menu_snapshot\":\"apolo\",\"precio_unitario\":23000,\"cantidad\":1,\"adiciones\":[],\"remociones\":[],\"subtotal_base\":23000,\"subtotal_adiciones\":0,\"subtotal_final\":23000},{\"menu_id\":61,\"nombre_menu_snapshot\":\"Agua con gas 600ml\",\"precio_unitario\":3000,\"cantidad\":1,\"adiciones\":[],\"remociones\":[],\"subtotal_base\":3000,\"subtotal_adiciones\":0,\"subtotal_final\":3000},{\"menu_id\":24,\"nombre_menu_snapshot\":\"panchorizo\",\"precio_unitario\":12000,\"cantidad\":1,\"adiciones\":[],\"remociones\":[],\"subtotal_base\":12000,\"subtotal_adiciones\":0,\"subtotal_final\":12000}]}', 'Pedido PED-1776312347481\nCliente: carmen\nTelefono: 3201172322\nServicio: llevar\nEstado: pendiente\nTotal: 38000\n1. undefined x1 - 23000\n2. undefined x1 - 3000\n3. undefined x1 - 12000', '2026-04-16 04:05:47', '2026-04-16 04:11:13'),
(11, 'PED-1776312633604', NULL, NULL, 'llevar', 'cancelado', 46000.00, 0.00, 46000.00, '{\"numero_pedido\":\"PED-1776312633604\",\"cliente_nombre\":\"\",\"cliente_telefono\":\"\",\"tipo_servicio\":\"llevar\",\"estado\":\"pendiente\",\"subtotal\":46000,\"total_adiciones\":0,\"total\":46000,\"items\":[{\"menu_id\":19,\"nombre_menu_snapshot\":\"apolo\",\"precio_unitario\":23000,\"cantidad\":2,\"adiciones\":[],\"remociones\":[],\"subtotal_base\":46000,\"subtotal_adiciones\":0,\"subtotal_final\":46000}]}', 'Pedido PED-1776312633604\nCliente: Sin nombre\nTelefono: Sin telefono\nServicio: llevar\nEstado: pendiente\nTotal: 46000\n1. undefined x2 - 46000', '2026-04-16 04:10:33', '2026-04-16 04:11:04'),
(12, 'PED-1776312711740', NULL, NULL, 'llevar', 'cancelado', 40500.00, 0.00, 40500.00, '{\"numero_pedido\":\"PED-1776312711740\",\"cliente_nombre\":\"\",\"cliente_telefono\":\"\",\"tipo_servicio\":\"llevar\",\"estado\":\"pendiente\",\"subtotal\":40500,\"total_adiciones\":0,\"total\":40500,\"items\":[{\"menu_id\":49,\"nombre_menu_snapshot\":\"balder\",\"precio_unitario\":9000,\"cantidad\":2,\"adiciones\":[],\"remociones\":[],\"subtotal_base\":18000,\"subtotal_adiciones\":0,\"subtotal_final\":18000},{\"menu_id\":47,\"nombre_menu_snapshot\":\"con queso\",\"precio_unitario\":3000,\"cantidad\":2,\"adiciones\":[],\"remociones\":[],\"subtotal_base\":6000,\"subtotal_adiciones\":0,\"subtotal_final\":6000},{\"menu_id\":59,\"nombre_menu_snapshot\":\"Colombiana 400ml\",\"precio_unitario\":3500,\"cantidad\":2,\"adiciones\":[],\"remociones\":[],\"subtotal_base\":7000,\"subtotal_adiciones\":0,\"subtotal_final\":7000},{\"menu_id\":61,\"nombre_menu_snapshot\":\"Agua con gas 600ml\",\"precio_unitario\":3000,\"cantidad\":2,\"adiciones\":[],\"remociones\":[],\"subtotal_base\":6000,\"subtotal_adiciones\":0,\"subtotal_final\":6000},{\"menu_id\":58,\"nombre_menu_snapshot\":\"Manzana Postobón 400ml\",\"precio_unitario\":3500,\"cantidad\":1,\"adiciones\":[],\"remociones\":[],\"subtotal_base\":3500,\"subtotal_adiciones\":0,\"subtotal_final\":3500}]}', 'Pedido PED-1776312711740\nCliente: Sin nombre\nTelefono: Sin telefono\nServicio: llevar\nEstado: pendiente\nTotal: 40500\n1. undefined x2 - 18000\n2. undefined x2 - 6000\n3. undefined x2 - 7000\n4. undefined x2 - 6000\n5. undefined x1 - 3500', '2026-04-16 04:11:51', '2026-04-16 04:11:56'),
(13, 'PED-1776312970019', NULL, NULL, 'llevar', 'completado', 44000.00, 0.00, 44000.00, '{\"numero_pedido\":\"PED-1776312970019\",\"cliente_nombre\":\"\",\"cliente_telefono\":\"\",\"tipo_servicio\":\"llevar\",\"estado\":\"pendiente\",\"subtotal\":44000,\"total_adiciones\":0,\"total\":44000,\"items\":[{\"menu_id\":19,\"nombre_menu_snapshot\":\"apolo\",\"precio_unitario\":23000,\"cantidad\":1,\"adiciones\":[],\"remociones\":[],\"subtotal_base\":23000,\"subtotal_adiciones\":0,\"subtotal_final\":23000},{\"menu_id\":15,\"nombre_menu_snapshot\":\"asgard\",\"precio_unitario\":21000,\"cantidad\":1,\"adiciones\":[],\"remociones\":[],\"subtotal_base\":21000,\"subtotal_adiciones\":0,\"subtotal_final\":21000}]}', 'Pedido PED-1776312970019\nCliente: Sin nombre\nTelefono: Sin telefono\nServicio: llevar\nEstado: pendiente\nTotal: 44000\n1. undefined x1 - 23000\n2. undefined x1 - 21000', '2026-04-16 04:16:10', '2026-04-16 05:23:52'),
(14, 'PED-1776313001485', 'sara', '3219873425', 'llevar', 'pendiente', 85000.00, 0.00, 85000.00, '{\"numero_pedido\":\"PED-1776313001485\",\"cliente_nombre\":\"sara\",\"cliente_telefono\":\"3219873425\",\"tipo_servicio\":\"llevar\",\"estado\":\"pendiente\",\"subtotal\":85000,\"total_adiciones\":0,\"total\":85000,\"items\":[{\"menu_id\":19,\"nombre_menu_snapshot\":\"apolo\",\"precio_unitario\":23000,\"cantidad\":1,\"adiciones\":[],\"remociones\":[],\"subtotal_base\":23000,\"subtotal_adiciones\":0,\"subtotal_final\":23000},{\"menu_id\":15,\"nombre_menu_snapshot\":\"asgard\",\"precio_unitario\":21000,\"cantidad\":1,\"adiciones\":[],\"remociones\":[],\"subtotal_base\":21000,\"subtotal_adiciones\":0,\"subtotal_final\":21000},{\"menu_id\":27,\"nombre_menu_snapshot\":\"cerdo\",\"precio_unitario\":16000,\"cantidad\":1,\"adiciones\":[],\"remociones\":[],\"subtotal_base\":16000,\"subtotal_adiciones\":0,\"subtotal_final\":16000},{\"menu_id\":47,\"nombre_menu_snapshot\":\"con queso\",\"precio_unitario\":3000,\"cantidad\":1,\"adiciones\":[],\"remociones\":[],\"subtotal_base\":3000,\"subtotal_adiciones\":0,\"subtotal_final\":3000},{\"menu_id\":17,\"nombre_menu_snapshot\":\"doble sabor\",\"precio_unitario\":22000,\"cantidad\":1,\"adiciones\":[],\"remociones\":[],\"subtotal_base\":22000,\"subtotal_adiciones\":0,\"subtotal_final\":22000}]}', 'Pedido PED-1776313001485\nCliente: sara\nTelefono: 3219873425\nServicio: llevar\nEstado: pendiente\nTotal: 85000\n1. undefined x1 - 23000\n2. undefined x1 - 21000\n3. undefined x1 - 16000\n4. undefined x1 - 3000\n5. undefined x1 - 22000', '2026-04-16 04:16:41', '2026-04-16 04:16:41'),
(15, 'PED-1776313022785', NULL, NULL, 'llevar', 'completado', 43000.00, 0.00, 43000.00, '{\"numero_pedido\":\"PED-1776313022785\",\"cliente_nombre\":\"\",\"cliente_telefono\":\"\",\"tipo_servicio\":\"llevar\",\"estado\":\"pendiente\",\"subtotal\":43000,\"total_adiciones\":0,\"total\":43000,\"items\":[{\"menu_id\":12,\"nombre_menu_snapshot\":\"thor\",\"precio_unitario\":18000,\"cantidad\":2,\"adiciones\":[],\"remociones\":[],\"subtotal_base\":36000,\"subtotal_adiciones\":0,\"subtotal_final\":36000},{\"menu_id\":57,\"nombre_menu_snapshot\":\"Pepsi 400ml\",\"precio_unitario\":3500,\"cantidad\":2,\"adiciones\":[],\"remociones\":[],\"subtotal_base\":7000,\"subtotal_adiciones\":0,\"subtotal_final\":7000}]}', 'Pedido PED-1776313022785\nCliente: Sin nombre\nTelefono: Sin telefono\nServicio: llevar\nEstado: pendiente\nTotal: 43000\n1. undefined x2 - 36000\n2. undefined x2 - 7000', '2026-04-16 04:17:02', '2026-04-16 04:23:14'),
(16, 'PED-1776313048490', 'camila', NULL, 'llevar', 'completado', 61000.00, 0.00, 61000.00, '{\"numero_pedido\":\"PED-1776313048490\",\"cliente_nombre\":\"camila\",\"cliente_telefono\":\"\",\"tipo_servicio\":\"llevar\",\"estado\":\"pendiente\",\"subtotal\":61000,\"total_adiciones\":0,\"total\":61000,\"items\":[{\"menu_id\":12,\"nombre_menu_snapshot\":\"thor\",\"precio_unitario\":18000,\"cantidad\":2,\"adiciones\":[],\"remociones\":[],\"subtotal_base\":36000,\"subtotal_adiciones\":0,\"subtotal_final\":36000},{\"menu_id\":49,\"nombre_menu_snapshot\":\"balder\",\"precio_unitario\":9000,\"cantidad\":2,\"adiciones\":[],\"remociones\":[],\"subtotal_base\":18000,\"subtotal_adiciones\":0,\"subtotal_final\":18000},{\"menu_id\":59,\"nombre_menu_snapshot\":\"Colombiana 400ml\",\"precio_unitario\":3500,\"cantidad\":2,\"adiciones\":[],\"remociones\":[],\"subtotal_base\":7000,\"subtotal_adiciones\":0,\"subtotal_final\":7000}]}', 'Pedido PED-1776313048490\nCliente: camila\nTelefono: Sin telefono\nServicio: llevar\nEstado: pendiente\nTotal: 61000\n1. undefined x2 - 36000\n2. undefined x2 - 18000\n3. undefined x2 - 7000', '2026-04-16 04:17:28', '2026-04-16 04:25:15'),
(17, 'PED-1776317080139', 'salome', '3211583451', 'comer aqui', 'pendiente', 33500.00, 0.00, 33500.00, '{\"numero_pedido\":\"PED-1776317080139\",\"cliente_nombre\":\"salome\",\"cliente_telefono\":\"3211583451\",\"tipo_servicio\":\"comer aqui\",\"estado\":\"pendiente\",\"subtotal\":33500,\"total_adiciones\":0,\"total\":33500,\"items\":[{\"menu_id\":1,\"nombre_menu_snapshot\":\"americano\",\"precio_unitario\":10500,\"cantidad\":1,\"adiciones\":[],\"remociones\":[],\"subtotal_base\":10500,\"subtotal_adiciones\":0,\"subtotal_final\":10500},{\"menu_id\":5,\"nombre_menu_snapshot\":\"valkiria\",\"precio_unitario\":16000,\"cantidad\":1,\"adiciones\":[],\"remociones\":[],\"subtotal_base\":16000,\"subtotal_adiciones\":0,\"subtotal_final\":16000},{\"menu_id\":59,\"nombre_menu_snapshot\":\"Colombiana 400ml\",\"precio_unitario\":3500,\"cantidad\":2,\"adiciones\":[],\"remociones\":[],\"subtotal_base\":7000,\"subtotal_adiciones\":0,\"subtotal_final\":7000}]}', 'Pedido PED-1776317080139\nCliente: salome\nTelefono: 3211583451\nServicio: comer aqui\nEstado: pendiente\nTotal: 33500\n1. undefined x1 - 10500\n2. undefined x1 - 16000\n3. undefined x2 - 7000', '2026-04-16 05:24:40', '2026-04-16 05:24:40'),
(18, 'PED-1776318482408', NULL, NULL, 'llevar', 'pendiente', 23000.00, 0.00, 23000.00, '{\"numero_pedido\":\"PED-1776318482408\",\"cliente_nombre\":\"\",\"cliente_telefono\":\"\",\"tipo_servicio\":\"llevar\",\"estado\":\"pendiente\",\"subtotal\":23000,\"total_adiciones\":0,\"total\":23000,\"items\":[{\"menu_id\":19,\"nombre_menu_snapshot\":\"apolo\",\"precio_unitario\":23000,\"cantidad\":1,\"adiciones\":[],\"remociones\":[],\"subtotal_base\":23000,\"subtotal_adiciones\":0,\"subtotal_final\":23000}]}', 'Pedido PED-1776318482408\nCliente: Sin nombre\nTelefono: Sin telefono\nServicio: llevar\nEstado: pendiente\nTotal: 23000\n1. undefined x1 - 23000', '2026-04-16 05:48:02', '2026-04-16 05:48:02'),
(19, 'PED-1776318949418', 'camila', NULL, 'llevar', 'pendiente', 117500.00, 4000.00, 121500.00, '{\"numero_pedido\":\"PED-1776318949418\",\"cliente_nombre\":\"camila\",\"cliente_telefono\":\"\",\"tipo_servicio\":\"llevar\",\"estado\":\"pendiente\",\"subtotal\":117500,\"total_adiciones\":4000,\"total\":121500,\"items\":[{\"menu_id\":19,\"nombre_menu_snapshot\":\"apolo\",\"precio_unitario\":23000,\"cantidad\":2,\"adiciones\":[],\"remociones\":[],\"subtotal_base\":46000,\"subtotal_adiciones\":0,\"subtotal_final\":46000},{\"menu_id\":17,\"nombre_menu_snapshot\":\"doble sabor\",\"precio_unitario\":22000,\"cantidad\":1,\"adiciones\":[],\"remociones\":[],\"subtotal_base\":22000,\"subtotal_adiciones\":0,\"subtotal_final\":22000},{\"menu_id\":18,\"nombre_menu_snapshot\":\"loki\",\"precio_unitario\":22000,\"cantidad\":1,\"adiciones\":[],\"remociones\":[],\"subtotal_base\":22000,\"subtotal_adiciones\":0,\"subtotal_final\":22000},{\"menu_id\":21,\"nombre_menu_snapshot\":\"loconcha carne\",\"precio_unitario\":17000,\"cantidad\":1,\"adiciones\":[{\"producto_id\":5,\"nombre_producto_snapshot\":\"Chorizo de cerdo\",\"precio_unitario\":4000,\"cantidad_por_unidad\":1,\"cantidad_total\":1,\"subtotal\":4000}],\"remociones\":[],\"subtotal_base\":17000,\"subtotal_adiciones\":4000,\"subtotal_final\":21000},{\"menu_id\":57,\"nombre_menu_snapshot\":\"Pepsi 400ml\",\"precio_unitario\":3500,\"cantidad\":1,\"adiciones\":[],\"remociones\":[],\"subtotal_base\":3500,\"subtotal_adiciones\":0,\"subtotal_final\":3500},{\"menu_id\":57,\"nombre_menu_snapshot\":\"Pepsi 400ml\",\"precio_unitario\":3500,\"cantidad\":1,\"adiciones\":[],\"remociones\":[],\"subtotal_base\":3500,\"subtotal_adiciones\":0,\"subtotal_final\":3500},{\"menu_id\":58,\"nombre_menu_snapshot\":\"Manzana Postobón 400ml\",\"precio_unitario\":3500,\"cantidad\":1,\"adiciones\":[],\"remociones\":[],\"subtotal_base\":3500,\"subtotal_adiciones\":0,\"subtotal_final\":3500}]}', 'Pedido PED-1776318949418\nCliente: camila\nTelefono: Sin telefono\nServicio: llevar\nEstado: pendiente\nTotal: 121500\n1. undefined x2 - 46000\n2. undefined x1 - 22000\n3. undefined x1 - 22000\n4. undefined x1 - 21000\n   + undefined x1 - 4000\n5. undefined x1 - 3500\n6. undefined x1 - 3500\n7. undefined x1 - 3500', '2026-04-16 05:55:49', '2026-04-16 05:55:49'),
(20, 'PED-1776319651004', 'samuel', '3154269875', 'comer aqui', 'pendiente', 25000.00, 0.00, 25000.00, '{\"numero_pedido\":\"PED-1776319651004\",\"cliente_nombre\":\"samuel\",\"cliente_telefono\":\"3154269875\",\"tipo_servicio\":\"comer aqui\",\"estado\":\"pendiente\",\"subtotal\":25000,\"total_adiciones\":0,\"total\":25000,\"items\":[{\"menu_id\":61,\"nombre_menu_snapshot\":\"Agua con gas 600ml\",\"precio_unitario\":3000,\"cantidad\":1,\"adiciones\":[],\"remociones\":[],\"subtotal_base\":3000,\"subtotal_adiciones\":0,\"subtotal_final\":3000},{\"menu_id\":18,\"nombre_menu_snapshot\":\"loki\",\"precio_unitario\":22000,\"cantidad\":1,\"adiciones\":[],\"remociones\":[],\"subtotal_base\":22000,\"subtotal_adiciones\":0,\"subtotal_final\":22000}]}', 'Pedido PED-1776319651004\nCliente: samuel\nTelefono: 3154269875\nServicio: comer aqui\nEstado: pendiente\nTotal: 25000\n1. undefined x1 - 3000\n2. undefined x1 - 22000', '2026-04-16 06:07:31', '2026-04-16 06:07:31');

-- --------------------------------------------------------

--
-- Estructura de tabla para la tabla `pedido_detalles`
--

CREATE TABLE `pedido_detalles` (
  `id` int(11) NOT NULL,
  `pedido_id` int(11) NOT NULL,
  `menu_id` int(11) NOT NULL,
  `nombre_menu_snapshot` varchar(150) NOT NULL,
  `precio_unitario` decimal(10,2) NOT NULL,
  `cantidad` int(11) NOT NULL,
  `subtotal_base` decimal(10,2) NOT NULL DEFAULT 0.00,
  `subtotal_adiciones` decimal(10,2) NOT NULL DEFAULT 0.00,
  `subtotal_final` decimal(10,2) NOT NULL DEFAULT 0.00
) ENGINE=InnoDB DEFAULT CHARSET=utf8mb4 COLLATE=utf8mb4_general_ci;

--
-- Volcado de datos para la tabla `pedido_detalles`
--

INSERT INTO `pedido_detalles` (`id`, `pedido_id`, `menu_id`, `nombre_menu_snapshot`, `precio_unitario`, `cantidad`, `subtotal_base`, `subtotal_adiciones`, `subtotal_final`) VALUES
(3, 2, 10, 'americana', 12500.00, 2, 25000.00, 0.00, 25000.00),
(4, 2, 22, 'fenrir', 28000.00, 1, 28000.00, 2300.00, 30300.00),
(13, 7, 10, 'americana', 12500.00, 1, 12500.00, 0.00, 12500.00),
(14, 7, 15, 'asgard', 21000.00, 1, 21000.00, 0.00, 21000.00),
(15, 7, 22, 'fenrir', 28000.00, 1, 28000.00, 0.00, 28000.00),
(16, 8, 10, 'americana', 12500.00, 1, 12500.00, 0.00, 12500.00),
(17, 8, 27, 'cerdo', 16000.00, 1, 16000.00, 0.00, 16000.00),
(18, 8, 59, 'Colombiana 400ml', 3500.00, 2, 7000.00, 0.00, 7000.00),
(19, 9, 35, 'cordero', 17000.00, 2, 34000.00, 0.00, 34000.00),
(20, 9, 59, 'Colombiana 400ml', 3500.00, 2, 7000.00, 0.00, 7000.00),
(21, 9, 58, 'Manzana Postobón 400ml', 3500.00, 1, 3500.00, 0.00, 3500.00),
(22, 9, 57, 'Pepsi 400ml', 3500.00, 1, 3500.00, 0.00, 3500.00),
(23, 10, 19, 'apolo', 23000.00, 1, 23000.00, 0.00, 23000.00),
(24, 10, 61, 'Agua con gas 600ml', 3000.00, 1, 3000.00, 0.00, 3000.00),
(25, 10, 24, 'panchorizo', 12000.00, 1, 12000.00, 0.00, 12000.00),
(26, 11, 19, 'apolo', 23000.00, 2, 46000.00, 0.00, 46000.00),
(27, 12, 49, 'balder', 9000.00, 2, 18000.00, 0.00, 18000.00),
(28, 12, 47, 'con queso', 3000.00, 2, 6000.00, 0.00, 6000.00),
(29, 12, 59, 'Colombiana 400ml', 3500.00, 2, 7000.00, 0.00, 7000.00),
(30, 12, 61, 'Agua con gas 600ml', 3000.00, 2, 6000.00, 0.00, 6000.00),
(31, 12, 58, 'Manzana Postobón 400ml', 3500.00, 1, 3500.00, 0.00, 3500.00),
(32, 13, 19, 'apolo', 23000.00, 1, 23000.00, 0.00, 23000.00),
(33, 13, 15, 'asgard', 21000.00, 1, 21000.00, 0.00, 21000.00),
(34, 14, 19, 'apolo', 23000.00, 1, 23000.00, 0.00, 23000.00),
(35, 14, 15, 'asgard', 21000.00, 1, 21000.00, 0.00, 21000.00),
(36, 14, 27, 'cerdo', 16000.00, 1, 16000.00, 0.00, 16000.00),
(37, 14, 47, 'con queso', 3000.00, 1, 3000.00, 0.00, 3000.00),
(38, 14, 17, 'doble sabor', 22000.00, 1, 22000.00, 0.00, 22000.00),
(39, 15, 12, 'thor', 18000.00, 2, 36000.00, 0.00, 36000.00),
(40, 15, 57, 'Pepsi 400ml', 3500.00, 2, 7000.00, 0.00, 7000.00),
(41, 16, 12, 'thor', 18000.00, 2, 36000.00, 0.00, 36000.00),
(42, 16, 49, 'balder', 9000.00, 2, 18000.00, 0.00, 18000.00),
(43, 16, 59, 'Colombiana 400ml', 3500.00, 2, 7000.00, 0.00, 7000.00),
(44, 17, 1, 'americano', 10500.00, 1, 10500.00, 0.00, 10500.00),
(45, 17, 5, 'valkiria', 16000.00, 1, 16000.00, 0.00, 16000.00),
(46, 17, 59, 'Colombiana 400ml', 3500.00, 2, 7000.00, 0.00, 7000.00),
(47, 18, 19, 'apolo', 23000.00, 1, 23000.00, 0.00, 23000.00),
(48, 19, 19, 'apolo', 23000.00, 2, 46000.00, 0.00, 46000.00),
(49, 19, 17, 'doble sabor', 22000.00, 1, 22000.00, 0.00, 22000.00),
(50, 19, 18, 'loki', 22000.00, 1, 22000.00, 0.00, 22000.00),
(51, 19, 21, 'loconcha carne', 17000.00, 1, 17000.00, 4000.00, 21000.00),
(52, 19, 57, 'Pepsi 400ml', 3500.00, 1, 3500.00, 0.00, 3500.00),
(53, 19, 57, 'Pepsi 400ml', 3500.00, 1, 3500.00, 0.00, 3500.00),
(54, 19, 58, 'Manzana Postobón 400ml', 3500.00, 1, 3500.00, 0.00, 3500.00),
(55, 20, 61, 'Agua con gas 600ml', 3000.00, 1, 3000.00, 0.00, 3000.00),
(56, 20, 18, 'loki', 22000.00, 1, 22000.00, 0.00, 22000.00);

-- --------------------------------------------------------

--
-- Estructura de tabla para la tabla `pedido_detalle_adiciones`
--

CREATE TABLE `pedido_detalle_adiciones` (
  `id` int(11) NOT NULL,
  `pedido_detalle_id` int(11) NOT NULL,
  `producto_id` int(11) NOT NULL,
  `nombre_producto_snapshot` varchar(150) NOT NULL,
  `precio_unitario` decimal(10,2) NOT NULL,
  `cantidad_por_unidad` int(11) NOT NULL,
  `cantidad_total` int(11) NOT NULL,
  `subtotal` decimal(10,2) NOT NULL DEFAULT 0.00
) ENGINE=InnoDB DEFAULT CHARSET=utf8mb4 COLLATE=utf8mb4_general_ci;

--
-- Volcado de datos para la tabla `pedido_detalle_adiciones`
--

INSERT INTO `pedido_detalle_adiciones` (`id`, `pedido_detalle_id`, `producto_id`, `nombre_producto_snapshot`, `precio_unitario`, `cantidad_por_unidad`, `cantidad_total`, `subtotal`) VALUES
(3, 4, 10, 'Queso', 800.00, 1, 1, 800.00),
(4, 4, 16, 'Maduro', 1500.00, 1, 1, 1500.00),
(6, 51, 5, 'Chorizo de cerdo', 4000.00, 1, 1, 4000.00);

-- --------------------------------------------------------

--
-- Estructura de tabla para la tabla `pedido_detalle_remociones`
--

CREATE TABLE `pedido_detalle_remociones` (
  `id` int(11) NOT NULL,
  `pedido_detalle_id` int(11) NOT NULL,
  `producto_id` int(11) NOT NULL,
  `nombre_producto_snapshot` varchar(150) NOT NULL
) ENGINE=InnoDB DEFAULT CHARSET=utf8mb4 COLLATE=utf8mb4_general_ci;

--
-- Volcado de datos para la tabla `pedido_detalle_remociones`
--

INSERT INTO `pedido_detalle_remociones` (`id`, `pedido_detalle_id`, `producto_id`, `nombre_producto_snapshot`) VALUES
(0, 4, 19, 'Cebolla');

-- --------------------------------------------------------

--
-- Estructura de tabla para la tabla `productos`
--

CREATE TABLE `productos` (
  `id` int(11) NOT NULL,
  `nombre` varchar(100) NOT NULL,
  `precio` decimal(10,2) NOT NULL,
  `cantidad` int(11) NOT NULL,
  `imagen` text DEFAULT NULL,
  `fecha_creacion` timestamp NOT NULL DEFAULT current_timestamp(),
  `minimo` int(11) NOT NULL DEFAULT 10
) ENGINE=InnoDB DEFAULT CHARSET=utf8mb4 COLLATE=utf8mb4_general_ci;

--
-- Volcado de datos para la tabla `productos`
--

INSERT INTO `productos` (`id`, `nombre`, `precio`, `cantidad`, `imagen`, `fecha_creacion`, `minimo`) VALUES
(1, 'Pan de perro', 500.00, 100, 'https://img.freepik.com/fotos-premium/pan-perrito-caliente-vacio-sobre-fondo-blanco-aislado_66899-2509.jpg', '2026-03-26 03:25:36', 10),
(2, 'Pan de hamburguesa', 500.00, 150, 'https://img.freepik.com/fotos-premium/pan-hamburguesa-sobre-fondo-blanco-aislado_66899-2531.jpg', '2026-03-26 03:25:36', 10),
(3, 'Pan francés', 700.00, 100, 'https://png.pngtree.com/thumb_back/fw800/background/20250323/pngtree-french-bread-loaf-isolated-on-white-background-long-photo-photo-image_66198122.webp', '2026-03-26 03:25:36', 10),
(4, 'Salchicha', 2000.00, 100, 'https://static8.depositphotos.com/1036794/859/i/450/depositphotos_8599505-stock-photo-sausages.jpg', '2026-03-26 03:25:36', 10),
(5, 'Chorizo de cerdo', 4000.00, 99, 'https://encrypted-tbn0.gstatic.com/images?q=tbn:ANd9GcT_6YuBHid-1_AFMBi9DbUvjW77RQa4Q2xluw&s', '2026-03-26 03:25:36', 10),
(6, 'Carne de hamburguesa', 5000.00, 100, 'https://img.freepik.com/fotos-premium/carne-hamburguesa-aislada-sobre-fondo-blanco_667286-3965.jpg', '2026-03-26 03:25:36', 10),
(7, 'Carne desmechada', 6000.00, 100, 'https://i.pinimg.com/originals/b4/0e/5a/b40e5a9550dee69e79cb6b6071fa4c77.png', '2026-03-26 03:25:36', 10),
(8, 'Pollo desmechado', 5000.00, 100, 'https://png.pngtree.com/png-clipart/20230714/ourmid/pngtree-shredded-chicken-png-image_7507559.png', '2026-03-26 03:25:36', 10),
(9, 'Filete de pollo', 6000.00, 10, 'https://encrypted-tbn0.gstatic.com/images?q=tbn:ANd9GcTw12xFn_nBWBsyStHnKSPIVMRgE9YBOa6n3Q&s', '2026-03-26 03:25:36', 10),
(10, 'Queso', 800.00, 199, 'https://www.merkadomi.com/wp-content/uploads/2020/11/QUESO-DOBLE-CREMA-TAJADO-300x300.jpg', '2026-03-26 03:25:36', 10),
(11, 'Tocineta', 1500.00, 98, 'https://encrypted-tbn0.gstatic.com/images?q=tbn:ANd9GcQvOkHbd3yZvib70WD6yltfrdxEwJnCPwjbyA&s', '2026-03-26 03:25:36', 10),
(12, 'Ripio', 300.00, 99, 'https://img.freepik.com/foto-gratis/fries-frances_74190-1192.jpg?semt=ais_rp_50_assets&w=740&q=80', '2026-03-26 03:25:36', 10),
(13, 'Maicitos', 1000.00, 100, 'https://www.shutterstock.com/image-photo/corn-seeds-on-nwhite-background-260nw-327659597.jpg', '2026-03-26 03:25:36', 10),
(14, 'Piña calada', 2000.00, 100, 'https://b2cqbano.vtexassets.com/arquivos/ids/156058-800-auto?v=638843436833200000&width=800&height=auto&aspect=true', '2026-03-26 03:25:36', 10),
(15, 'Piña asada', 2000.00, 100, 'https://www.shutterstock.com/image-photo/slice-grilled-pineapple-isolated-on-260nw-2022007334.jpg', '2026-03-26 03:25:36', 10),
(16, 'Maduro', 1500.00, 99, 'https://www.shutterstock.com/image-photo/pile-fried-plantains-on-white-260nw-2674249167.jpg', '2026-03-26 03:25:36', 10),
(17, 'Chicharrón', 2000.00, 99, 'https://previews.123rf.com/images/simicv/simicv1703/simicv170300068/74187683-heap-of-domestic-salty-fried-pork-greaves-cvarci-isolated-on-white.jpg', '2026-03-26 03:25:36', 10),
(18, 'Tomate', 500.00, 98, 'https://thumbs.dreamstime.com/b/dos-rodajas-de-tomate-aisladas-sobre-blanco-fondo-230499458.jpg', '2026-03-26 03:25:36', 10),
(19, 'Cebolla', 500.00, 98, 'https://thumbs.dreamstime.com/b/rebanadas-de-la-cebolla-roja-49669396.jpg', '2026-03-26 03:25:36', 10),
(20, 'Lechuga', 500.00, 100, 'https://img.freepik.com/fotos-premium/lechuga-sobre-fondo-blanco-cerrar_183352-1921.jpg', '2026-03-26 03:25:36', 10),
(21, 'Jamón', 2000.00, 100, 'https://static.vecteezy.com/system/resources/previews/009/809/228/large_2x/slices-of-cooked-ham-isolate-on-white-free-photo.jpg', '2026-03-26 03:25:36', 10),
(22, 'Salami', 2500.00, 100, 'https://img.freepik.com/fotos-premium/rodajas-salami-sobre-fondo-blanco_770606-1956.jpg', '2026-03-26 03:25:36', 10),
(23, 'Cordero', 4000.00, 100, 'https://st2.depositphotos.com/18050070/43803/i/450/depositphotos_438033448-stock-photo-smoked-pork-meat-isolated-white.jpg', '2026-03-26 03:25:36', 10),
(24, 'Arepa', 1000.00, 100, 'https://static.vecteezy.com/system/resources/thumbnails/053/648/138/small/a-flatbread-on-a-transparent-background-png.png', '2026-03-26 03:25:36', 10),
(25, 'Ensalada', 1500.00, 100, 'https://img.freepik.com/foto-gratis/ensalada-salmon-aguacate-aislado-sobre-fondo-blanco_123827-20214.jpg?semt=ais_hybrid&w=740&q=80', '2026-03-26 03:25:36', 10),
(26, 'Salsa tomate', 300.00, 200, 'https://us.123rf.com/450wm/magone/magone1410/magone141000063/32532150-taz%C3%B3n-de-salsa-de-tomate-o-salsa-de-tomate-en-un-fondo-blanco.jpg?ver=6', '2026-03-26 03:25:36', 10),
(27, 'Salsa mostaza', 300.00, 200, 'https://thumbs.dreamstime.com/b/deliciosa-salsa-de-mostaza-en-taz%C3%B3n-negra-con-un-fondo-blanco-perfecto-para-uso-culinario-la-amarilla-suave-moteada-pimienta-398641368.jpg', '2026-03-26 03:25:36', 10),
(28, 'Salsa BBQ', 500.00, 200, 'https://thumbs.dreamstime.com/b/salsa-de-barbacoa-en-taz%C3%B3n-aislada-fondo-blanco-una-cercana-la-sabrosa-para-bq-un-negro-roja-oscura-y-suave-llena-peque%C3%B1o-398640745.jpg', '2026-03-26 03:25:36', 10),
(29, 'Salsa de ajo', 500.00, 200, 'https://www.shutterstock.com/image-photo/bowl-fresh-garlic-dip-sauce-260nw-154947794.jpg', '2026-03-26 03:25:36', 10),
(30, 'Salsa barbara', 500.00, 200, 'https://encrypted-tbn0.gstatic.com/images?q=tbn:ANd9GcS9IDJMIgYM4z-ByMc0o4Ot2sCM7k40KckdWg&s', '2026-03-26 03:25:36', 10),
(31, 'Salsa piña', 500.00, 200, 'https://img.freepik.com/fotos-premium/salsa-pina-aislado-sobre-fondo-blanco_311158-942.jpg', '2026-03-26 03:25:36', 10),
(32, 'Salsa verde', 500.00, 200, 'https://thumbs.dreamstime.com/b/bowl-de-png-salsa-verde-contra-fondo-transparente-381737744.jpg', '2026-03-26 03:25:36', 10),
(34, 'Fanta 500ml', 3500.00, 11, 'https://www.shutterstock.com/image-photo/orange-flavoured-fanta-bottle-isolated-260nw-2455212953.jpg', '2026-03-26 18:42:50', 10),
(35, 'CocaCola 400ml', 3000.00, 15, 'https://encrypted-tbn0.gstatic.com/images?q=tbn:ANd9GcQZL1xsSl0OYu69sWOXDYDFoajEhWRESSM7JA&s', '2026-03-26 18:43:48', 10),
(36, 'Sprite 450ml', 3000.00, 8, 'https://encrypted-tbn0.gstatic.com/images?q=tbn:ANd9GcTWwMElMf-k724ZxQZNUqMu9LvKMRviZ0TrQQ&s', '2026-03-26 18:50:28', 10);

-- --------------------------------------------------------

--
-- Estructura de tabla para la tabla `producto_categoria`
--

CREATE TABLE `producto_categoria` (
  `id` int(11) NOT NULL,
  `producto_id` int(11) NOT NULL,
  `categoria_id` int(11) NOT NULL
) ENGINE=InnoDB DEFAULT CHARSET=utf8mb4 COLLATE=utf8mb4_general_ci;

--
-- Volcado de datos para la tabla `producto_categoria`
--

INSERT INTO `producto_categoria` (`id`, `producto_id`, `categoria_id`) VALUES
(47, 1, 2),
(16, 2, 1),
(76, 3, 5),
(62, 3, 6),
(48, 4, 2),
(17, 5, 1),
(49, 5, 2),
(77, 5, 5),
(63, 5, 6),
(18, 6, 1),
(107, 6, 3),
(78, 6, 5),
(19, 7, 1),
(50, 7, 2),
(108, 7, 3),
(79, 7, 5),
(20, 8, 1),
(51, 8, 2),
(109, 8, 3),
(69, 8, 4),
(80, 8, 5),
(21, 9, 1),
(110, 9, 3),
(81, 9, 5),
(22, 10, 1),
(52, 10, 2),
(111, 10, 3),
(70, 10, 4),
(82, 10, 5),
(64, 10, 6),
(23, 11, 1),
(53, 11, 2),
(112, 11, 3),
(83, 11, 5),
(24, 12, 1),
(54, 12, 2),
(113, 12, 3),
(55, 13, 2),
(84, 13, 5),
(56, 14, 2),
(114, 14, 3),
(85, 14, 5),
(25, 15, 1),
(26, 16, 1),
(57, 16, 2),
(86, 16, 5),
(27, 17, 1),
(58, 17, 2),
(28, 18, 1),
(115, 18, 3),
(87, 18, 5),
(29, 19, 1),
(116, 19, 3),
(88, 19, 5),
(89, 20, 5),
(117, 21, 3),
(90, 21, 5),
(91, 22, 5),
(92, 23, 5),
(118, 24, 3),
(71, 24, 4),
(65, 24, 6),
(72, 25, 4),
(30, 26, 1),
(59, 26, 2),
(31, 27, 1),
(60, 27, 2),
(119, 28, 3),
(93, 28, 5),
(120, 29, 3),
(94, 29, 5),
(32, 30, 1),
(121, 31, 3),
(122, 32, 3),
(123, 34, 7),
(124, 35, 7),
(125, 36, 7);

-- --------------------------------------------------------

--
-- Estructura de tabla para la tabla `usuarios`
--

CREATE TABLE `usuarios` (
  `id` int(11) NOT NULL,
  `codigo` varchar(50) NOT NULL,
  `password` varchar(255) NOT NULL,
  `nombre` varchar(100) NOT NULL,
  `apellido` varchar(100) NOT NULL,
  `cedula` varchar(20) DEFAULT NULL,
  `direccion` varchar(200) DEFAULT NULL,
  `correo` varchar(100) DEFAULT NULL,
  `telefono` varchar(20) DEFAULT NULL,
  `rol` varchar(20) NOT NULL DEFAULT 'usuario',
  `foto` varchar(255) DEFAULT NULL,
  `fecha_creacion` timestamp NOT NULL DEFAULT current_timestamp()
) ENGINE=InnoDB DEFAULT CHARSET=utf8mb4 COLLATE=utf8mb4_general_ci;

--
-- Volcado de datos para la tabla `usuarios`
--

INSERT INTO `usuarios` (`id`, `codigo`, `password`, `nombre`, `apellido`, `cedula`, `direccion`, `correo`, `telefono`, `rol`, `foto`, `fecha_creacion`) VALUES
(1, 'admin', '$2b$10$1/a2VGQ/TYoTqTUyqQWn7.nYEHJlDG7ja8oqC7LpXoyEnYODzGlwa', 'Administrador', '', '1111111111', 'Cl 47 #120-103', 'administrador@gmail.com', '3333333333', 'ADMINISTRADOR', NULL, '2026-03-13 21:12:51'),
(2, 'cocinero1', '$2b$10$1/a2VGQ/TYoTqTUyqQWn7.nYEHJlDG7ja8oqC7LpXoyEnYODzGlwa', 'Miguel', 'Reyes', '1222222222', 'Cl. 50 #101-60', 'miguelreyes@gmail.com', '3222222222', 'COCINERO', NULL, '2026-03-13 21:15:35'),
(3, 'cajero1', '$2b$10$1/a2VGQ/TYoTqTUyqQWn7.nYEHJlDG7ja8oqC7LpXoyEnYODzGlwa', 'Michael', 'Moreno', '1111661861', 'Cra. 1c #63-29', 'michaelmoreno@gmail.com', '3122222222', 'CAJERO', NULL, '2026-03-14 00:06:03'),
(4, 'cocinero2', '$2b$10$1/a2VGQ/TYoTqTUyqQWn7.nYEHJlDG7ja8oqC7LpXoyEnYODzGlwa', 'Valeria', 'Espinosa', '11111155', 'Cra. 1c #63-29', 'cocinero@gmail.com', '3145555555', 'COCINERO', NULL, '2026-03-14 01:31:28');

--
-- Índices para tablas volcadas
--

--
-- Indices de la tabla `categorias`
--
ALTER TABLE `categorias`
  ADD PRIMARY KEY (`id`);

--
-- Indices de la tabla `menu`
--
ALTER TABLE `menu`
  ADD PRIMARY KEY (`id`),
  ADD KEY `categoria_id` (`categoria_id`);

--
-- Indices de la tabla `menu_productos`
--
ALTER TABLE `menu_productos`
  ADD PRIMARY KEY (`id`),
  ADD UNIQUE KEY `menu_id` (`menu_id`,`producto_id`),
  ADD KEY `producto_id` (`producto_id`);

--
-- Indices de la tabla `movimientos_productos`
--
ALTER TABLE `movimientos_productos`
  ADD PRIMARY KEY (`id`),
  ADD KEY `producto_id` (`producto_id`);

--
-- Indices de la tabla `pedidos`
--
ALTER TABLE `pedidos`
  ADD PRIMARY KEY (`id`),
  ADD UNIQUE KEY `numero_pedido` (`numero_pedido`);

--
-- Indices de la tabla `pedido_detalles`
--
ALTER TABLE `pedido_detalles`
  ADD PRIMARY KEY (`id`),
  ADD KEY `pedido_id` (`pedido_id`),
  ADD KEY `menu_id` (`menu_id`);

--
-- Indices de la tabla `pedido_detalle_adiciones`
--
ALTER TABLE `pedido_detalle_adiciones`
  ADD PRIMARY KEY (`id`),
  ADD KEY `pedido_detalle_id` (`pedido_detalle_id`),
  ADD KEY `producto_id` (`producto_id`);

--
-- Indices de la tabla `pedido_detalle_remociones`
--
ALTER TABLE `pedido_detalle_remociones`
  ADD PRIMARY KEY (`id`),
  ADD KEY `pedido_detalle_id` (`pedido_detalle_id`),
  ADD KEY `producto_id` (`producto_id`);

--
-- Indices de la tabla `productos`
--
ALTER TABLE `productos`
  ADD PRIMARY KEY (`id`);

--
-- Indices de la tabla `producto_categoria`
--
ALTER TABLE `producto_categoria`
  ADD PRIMARY KEY (`id`),
  ADD UNIQUE KEY `producto_id` (`producto_id`,`categoria_id`),
  ADD UNIQUE KEY `producto_id_2` (`producto_id`,`categoria_id`),
  ADD KEY `categoria_id` (`categoria_id`);

--
-- Indices de la tabla `usuarios`
--
ALTER TABLE `usuarios`
  ADD PRIMARY KEY (`id`),
  ADD UNIQUE KEY `codigo` (`codigo`),
  ADD UNIQUE KEY `cedula` (`cedula`);

--
-- AUTO_INCREMENT de las tablas volcadas
--

--
-- AUTO_INCREMENT de la tabla `categorias`
--
ALTER TABLE `categorias`
  MODIFY `id` int(11) NOT NULL AUTO_INCREMENT, AUTO_INCREMENT=11;

--
-- AUTO_INCREMENT de la tabla `menu`
--
ALTER TABLE `menu`
  MODIFY `id` int(11) NOT NULL AUTO_INCREMENT, AUTO_INCREMENT=62;

--
-- AUTO_INCREMENT de la tabla `menu_productos`
--
ALTER TABLE `menu_productos`
  MODIFY `id` int(11) NOT NULL AUTO_INCREMENT, AUTO_INCREMENT=333;

--
-- AUTO_INCREMENT de la tabla `movimientos_productos`
--
ALTER TABLE `movimientos_productos`
  MODIFY `id` int(11) NOT NULL AUTO_INCREMENT, AUTO_INCREMENT=335;

--
-- AUTO_INCREMENT de la tabla `pedidos`
--
ALTER TABLE `pedidos`
  MODIFY `id` int(11) NOT NULL AUTO_INCREMENT, AUTO_INCREMENT=21;

--
-- AUTO_INCREMENT de la tabla `pedido_detalles`
--
ALTER TABLE `pedido_detalles`
  MODIFY `id` int(11) NOT NULL AUTO_INCREMENT, AUTO_INCREMENT=57;

--
-- AUTO_INCREMENT de la tabla `pedido_detalle_adiciones`
--
ALTER TABLE `pedido_detalle_adiciones`
  MODIFY `id` int(11) NOT NULL AUTO_INCREMENT, AUTO_INCREMENT=7;

--
-- AUTO_INCREMENT de la tabla `productos`
--
ALTER TABLE `productos`
  MODIFY `id` int(11) NOT NULL AUTO_INCREMENT, AUTO_INCREMENT=37;

--
-- AUTO_INCREMENT de la tabla `producto_categoria`
--
ALTER TABLE `producto_categoria`
  MODIFY `id` int(11) NOT NULL AUTO_INCREMENT, AUTO_INCREMENT=126;

--
-- AUTO_INCREMENT de la tabla `usuarios`
--
ALTER TABLE `usuarios`
  MODIFY `id` int(11) NOT NULL AUTO_INCREMENT, AUTO_INCREMENT=5;

--
-- Restricciones para tablas volcadas
--

--
-- Filtros para la tabla `menu`
--
ALTER TABLE `menu`
  ADD CONSTRAINT `menu_ibfk_1` FOREIGN KEY (`categoria_id`) REFERENCES `categorias` (`id`) ON DELETE SET NULL;

--
-- Filtros para la tabla `menu_productos`
--
ALTER TABLE `menu_productos`
  ADD CONSTRAINT `menu_productos_ibfk_1` FOREIGN KEY (`menu_id`) REFERENCES `menu` (`id`) ON DELETE CASCADE,
  ADD CONSTRAINT `menu_productos_ibfk_2` FOREIGN KEY (`producto_id`) REFERENCES `productos` (`id`) ON DELETE CASCADE;

--
-- Filtros para la tabla `movimientos_productos`
--
ALTER TABLE `movimientos_productos`
  ADD CONSTRAINT `movimientos_productos_ibfk_1` FOREIGN KEY (`producto_id`) REFERENCES `productos` (`id`) ON DELETE CASCADE ON UPDATE CASCADE;

--
-- Filtros para la tabla `producto_categoria`
--
ALTER TABLE `producto_categoria`
  ADD CONSTRAINT `producto_categoria_ibfk_1` FOREIGN KEY (`producto_id`) REFERENCES `productos` (`id`) ON DELETE CASCADE,
  ADD CONSTRAINT `producto_categoria_ibfk_2` FOREIGN KEY (`categoria_id`) REFERENCES `categorias` (`id`) ON DELETE CASCADE;
COMMIT;

/*!40101 SET CHARACTER_SET_CLIENT=@OLD_CHARACTER_SET_CLIENT */;
/*!40101 SET CHARACTER_SET_RESULTS=@OLD_CHARACTER_SET_RESULTS */;
/*!40101 SET COLLATION_CONNECTION=@OLD_COLLATION_CONNECTION */;
